country_id,year,country,GDP.per.capita..constant.2015.US..,Exports.of.goods.and.services....of.GDP.,Merchandise.trade....of.GDP.,Trade....of.GDP.,Access.to.clean.fuels.and.technologies.for.cooking....of.population.,Inflation..consumer.prices..annual...,Net.migration
1,2000,Algeria,3553.32420521991,0.420697177213416,0.569479339704922,0.628583436360347,0.9640000000000001,0.00339163189071768,-16454
1,2001,Algeria,3610.00605631983,0.341212313958018,0.48933404834655597,0.545296491177208,0.97,0.0422598834854673,-26539
1,2002,Algeria,3754.66081538446,0.33137164097500504,0.500161718580417,0.565896052814114,0.9740000000000001,0.014183019234505101,-36255
1,2003,Algeria,3945.89816094007,0.356690635287432,0.48369494858855705,0.577691353044878,0.978,0.04268953958395,-39421
1,2004,Algeria,4066.28204806495,0.38392959459367604,0.538255017857264,0.613579975707176,0.981,0.0396180030257187,-38648
1,2005,Algeria,4223.60252133943,0.44371282898314,0.61990748353062,0.668404602203906,0.9840000000000001,0.0138244656662118,-51345
1,2006,Algeria,4279.61547120827,0.457641342682087,0.618023789619819,0.659152919677621,0.986,0.0231149918514424,-44138
1,2007,Algeria,4339.25055772831,0.44720155665401995,0.616172879024966,0.675454733939763,0.988,0.03678995747417,-25046
1,2008,Algeria,4367.56538017541,0.45647181805805404,0.658468045220759,0.710284922505261,0.99,0.0485859062814938,-2101
1,2009,Algeria,4336.10054052949,0.325860062711518,0.561931357540725,0.642847547238993,0.991,0.057370603614562796,-4458
1,2010,Algeria,4456.6102741643,0.34988229614912003,0.548561298258352,0.634912159928425,0.992,0.0391106195534029,-10788
1,2011,Algeria,4501.3543013352,0.35988086409325903,0.552992824459659,0.622200899610479,0.993,0.045242115050527006,-20108
1,2012,Algeria,4518.43978956464,0.34382792001503504,0.538179025889332,0.607576393340605,0.9940000000000001,0.08891450910623201,-26763
1,2013,Algeria,4543.23444006767,0.307993649290893,0.522426002517136,0.59151008157244,0.9940000000000001,0.032542391099884195,-30052
1,2014,Algeria,4634.10149179952,0.276194863705878,0.49652497347386304,0.569235419669867,0.995,0.0291692692067458,-30064
1,2015,Algeria,4685.05902729002,0.205281416810455,0.460655095705949,0.532046225904145,0.996,0.047844470069389404,-27638
2,2000,Angola,1932.98847886814,NA,1.20060090681288,NA,0.409,3.24996871601321,72793
2,2001,Angola,1947.85672988915,NA,1.08694203263342,NA,0.41350000000000003,1.52561022469299,77458
2,2002,Angola,2139.87259662901,0.570849959046266,0.7908100456367361,1.05301742600149,0.415,1.08897436089429,82292
2,2003,Angola,2128.19579323903,0.543213388113835,0.841421914750102,1.03901229551372,0.42100000000000004,0.982241436573304,80828
2,2004,Angola,2277.86696532928,0.583803583199793,0.819758522280009,1.03579947051466,0.418,0.435421067519687,90553
2,2005,Angola,2526.41057941008,0.655262677696291,0.8780418984654691,1.06590962129525,0.42700000000000005,0.22953513851394,87050
2,2006,Angola,2716.25302638209,0.6346786350392261,0.775853467744732,0.946251593320477,0.431,0.13305210178003202,95431
2,2007,Angola,2983.0418728513,0.679057833724671,0.889538663343744,1.08060067893978,0.431,0.122514974459487,100563
2,2008,Angola,3193.28772270836,0.724750287994632,0.958857917257144,1.21364708453698,0.43700000000000006,0.124758291326398,100370
2,2009,Angola,3100.60927365473,0.587573002977584,0.903008560261243,1.22446144139295,0.44,0.137302839288409,105077
2,2010,Angola,3114.69608592822,0.615431158851524,0.8026542021496429,1.0412363530884499,0.446,0.144696564932577,122418
2,2011,Angola,3099.9422899117,0.606699475151848,0.7830592860621459,0.999825063313368,0.44799999999999995,0.134824679218511,128800
2,2012,Angola,3236.57494513146,0.559401306344811,0.7403970415870821,0.9180009734191139,0.457,0.102779049218839,130643
2,2013,Angola,3268.63890723473,0.507470857909554,0.7146640224942711,0.868119327587926,0.4595,0.0877781429332625,124478
2,2014,Angola,3300.73510980871,0.446950294609853,0.645378124149365,0.7933292278288969,0.466,0.07280387303611201,84535
2,2015,Angola,3213.90261080059,0.297545979506807,0.595316363878431,0.628885160890192,0.473,0.09355972155337809,74171
3,2000,Benin,861.213292013209,0.206053025489554,0.285512057910914,0.47348151501284397,0.006,0.0416540442290283,3335
3,2001,Benin,879.854463773645,0.198685788115524,0.27194202295417,0.48257170639219704,0.008,0.0398429547767893,3732
3,2002,Benin,893.137100961634,0.19726610778332,0.279662413816201,0.437684225364311,0.011000000000000001,0.0248916235491541,3572
3,2003,Benin,896.146763201736,0.186442972500831,0.267887616317878,0.416162305574334,0.015,0.014872424614544199,4283
3,2004,Benin,907.624431209378,0.185135475659125,0.23633862659843502,0.399029743365096,0.019,0.008738908308685,4173
3,2005,Benin,893.91536869992,0.18483639980467,0.243009112245372,0.390959311879142,0.023,0.053645208583234204,30495
3,2006,Benin,900.62053578735,0.18057925712964,0.27921082167737,0.397746987128551,0.027999999999999997,0.0378217696540375,-15135
3,2007,Benin,926.740113754071,0.220428531154363,0.377522552869041,0.491137841529705,0.033,0.0129806813334152,241
3,2008,Benin,943.203380303862,0.22140720266279998,0.364844386658282,0.477753592695169,0.038,0.0794729876067854,3198
3,2009,Benin,936.565651071554,0.199279668393882,0.337727295964945,0.447026290629806,0.042,0.00896072355749065,4279
3,2010,Benin,928.246655329144,0.230720480670551,0.349856244790097,0.514308599492924,0.044000000000000004,0.0220783532536524,3947
3,2011,Benin,927.716412836707,0.208496515031216,0.330954235793169,0.472170288118403,0.048,0.0270423907747279,4283
3,2012,Benin,943.918771531001,0.238967368670133,0.33945592275711595,0.507367367791134,0.049,0.0674468253340713,1260
3,2013,Benin,982.399206290516,0.27570565319312,0.398790682467891,0.592001918331875,0.05,0.004288888888889049,-887
3,2014,Benin,1014.4330062135,0.314308411236325,0.48086014599960103,0.652682749404551,0.051,-0.00548757550948178,3667
3,2015,Benin,1002.41886879614,0.247204512110389,0.37257991006643004,0.567563131849476,0.053,0.00218785923536209,3369
4,2000,Botswana,5062.64289173588,0.518318100701299,0.8216532784303899,0.9192472968991799,0.442,0.0860148514851491,9798
4,2001,Botswana,4971.96371794188,0.486576082380348,0.7867592302102859,0.875250655680957,0.462,0.06559037670148621,7991
4,2002,Botswana,5175.47655317231,0.521574267782427,0.785090418410042,0.918357740585774,0.479,0.0803279662527486,4747
4,2003,Botswana,5320.440295139,0.48826857834010395,0.699985685923207,0.858340425151264,0.493,0.09189902656327391,4488
4,2004,Botswana,5369.42516766112,0.49613787781505203,0.752891355118093,0.909978228872631,0.51,0.0694570363654675,4314
4,2005,Botswana,5514.21742664705,0.529235535447696,0.764802000596153,0.8850535205735051,0.521,0.086102252854644,4283
4,2006,Botswana,5865.00026521361,0.5178082676039351,0.7677062538624919,0.86612433913524,0.534,0.115552187914379,4270
4,2007,Botswana,6085.6354476126,0.56479962927168,0.874492600905223,0.9849652494072519,0.5479999999999999,0.07080998471726929,3926
4,2008,Botswana,6158.61629368051,0.46946904660995004,0.9469911308586021,0.99008222007989,0.563,0.127021883920076,4343
4,2009,Botswana,5179.4138607146,0.358336618587618,0.808818793850762,0.8848078863373781,0.573,0.0802729703109582,4960
4,2010,Botswana,5584.50343260122,0.42144331514442696,0.8190057814321829,0.946390020873926,0.584,0.0694887658743103,5151
4,2011,Botswana,5850.07858485864,0.442363979167201,0.870512225528457,0.9896146778014691,0.594,0.0845987233408586,-1019
4,2012,Botswana,5742.919242654,0.4811502383229,1.00636604176485,1.11875280620952,0.601,0.0753690261091912,-6636
4,2013,Botswana,6284.97677820877,0.613797617461963,1.13952476822309,1.2578303991122,0.605,0.0588460707056817,-7836
4,2014,Botswana,6547.12253923766,0.612829678934065,1.07226277336455,1.1949754179146401,0.614,0.044022530924343,-8893
4,2015,Botswana,6141.20394726616,0.530908973428197,1.00171839384222,1.12900891016005,0.618,0.030620316958055702,-9599
5,2000,Burkina Faso,428.309796566198,0.088447174852677,0.276245877637062,0.35122941970426297,0.027000000000000003,-0.00304212168486803,3877
5,2001,Burkina Faso,442.914122870048,0.090440827674193,0.275516539517684,0.316581708148511,0.028999999999999998,0.050074329082237294,10654
5,2002,Burkina Faso,448.128856317091,0.0886536563219181,0.272198982114431,0.313125228527966,0.031,0.0217569480664608,16076
5,2003,Burkina Faso,468.263047790124,0.0922043165840572,0.262826605837119,0.303682364077323,0.034,0.020345657405381502,15359
5,2004,Burkina Faso,474.086412333459,0.10881587301295101,0.320818034253821,0.35480943601746195,0.036000000000000004,-0.004002287021154519,17570
5,2005,Burkina Faso,499.192797571217,0.0984184747809064,0.28114232151394203,0.341721697681049,0.039,0.06415040183696841,9795
5,2006,Burkina Faso,514.113131757062,0.10956863502702101,0.29125977137800096,0.351065423554549,0.043,0.023331085637222002,-4218
5,2007,Burkina Faso,519.26101218434,0.10348542216799199,0.30174188719598,0.33779717289507305,0.046,-0.00230627306273038,-28202
5,2008,Burkina Faso,533.471299938288,0.101493270523848,0.286834735616135,0.353853169801502,0.05,0.10659797899742401,-40725
5,2009,Burkina Faso,533.470084831931,0.137889708614234,0.29310007898074597,0.402959836735924,0.054000000000000006,0.0260817666368315,-40148
5,2010,Burkina Faso,561.847221302489,0.205158488554008,0.359954191486557,0.49073238539803904,0.057999999999999996,-0.007642307346767579,-42055
5,2011,Burkina Faso,581.603658737407,0.261955005196271,0.397755155082652,0.574972531038508,0.062,0.0275976724854531,-33391
5,2012,Burkina Faso,600.731343697818,0.265980854179657,0.45832282886702896,0.612386079818398,0.069,0.0381815240252386,-20930
5,2013,Burkina Faso,616.741331164082,0.270769854530325,0.499914443825335,0.640358513024234,0.075,0.0053373850709053094,-33212
5,2014,Burkina Faso,624.576885187665,0.26932004154154,0.43240285794808303,0.588235624937426,0.08199999999999999,-0.0025808951753536003,-17984
5,2015,Burkina Faso,630.124750752312,0.261076455357024,0.44421308569240203,0.590891813101662,0.08900000000000001,0.007248389810706,-19726
6,2000,Burundi,302.219163799824,0.063189705942566,0.227459126297585,0.225537244890286,0.003,0.244320242102151,-40032
6,2001,Burundi,300.799882759047,0.0517920216470328,0.20301217071316302,0.209640456147222,0.003,0.0929618771341889,9967
6,2002,Burundi,305.4383585397,0.046858041811825596,0.192635153563911,0.216738294069666,0.003,-0.013656800532806,-16871
6,2003,Burundi,292.318595090044,0.0638141402548028,0.24851704665125102,0.273763120796107,0.003,0.106474645658306,36719
6,2004,Burundi,295.235119511615,0.0695274828690709,0.24364732660379002,0.315761181816532,0.003,0.0817642937482054,47091
6,2005,Burundi,287.030688980174,0.062000001655294804,0.292718799852513,0.350999988412936,0.003,0.132520699188224,17905
6,2006,Burundi,291.866399549575,0.073,0.38401882389266395,0.424,0.003,0.0274542000214241,15322
6,2007,Burundi,290.979116170807,0.06800000136311189,0.27872007870335297,0.387999987731993,0.002,0.0841206285772544,22129
6,2008,Burundi,292.793764973044,0.105000002616241,0.285388861396267,0.47199999581401497,0.002,0.244069510353914,79319
6,2009,Burundi,288.941917826614,0.0660000027378395,0.263267926037721,0.358000035591914,0.002,0.105554355299529,184359
6,2010,Burundi,289.856950614392,0.09700001639313459,0.300176879175002,0.395000053977394,0.002,0.0649326591473995,11845
6,2011,Burundi,290.948032142504,0.0880000028373483,0.391355155275659,0.430000028373483,0.002,0.0959216605979671,-19513
6,2012,Burundi,293.232620547249,0.0969609531952923,0.379284413699271,0.43705373191620095,0.002,0.18161045306545098,22617
6,2013,Burundi,296.816900573427,0.0909525606883305,0.36914568107272205,0.46604079086765504,0.002,0.0793795807492418,-2285
6,2014,Burundi,299.077479357732,0.08696021193792401,0.332990446823763,0.42995025805263,0.002,0.0440535234185288,-6856
6,2015,Burundi,280.966831311923,0.0641727356534236,0.31507695961778803,0.228382834157721,0.002,0.0554468891259784,-236207
7,2000,Cabo Verde,2037.31720912714,0.270072185431265,0.44693584690456,0.8752060836149169,0.628,-0.024774566851983502,-2772
7,2001,Cabo Verde,2051.21733888102,0.2980941288281,0.43332289244749606,0.9216372249741519,0.63,0.0334996472317894,-2528
7,2002,Cabo Verde,2127.70872296502,0.325449567130458,0.46252471090144,1.01089702293616,0.634,0.0188453410076765,-2751
7,2003,Cabo Verde,2186.89500422765,0.313643511669509,0.447581081254387,0.987683808076547,0.637,0.0118817038620528,-2898
7,2004,Cabo Verde,2379.79636224135,0.32004173065871,0.4821934334036,1.0156716998950202,0.643,-0.018908217230618002,-2993
7,2005,Cabo Verde,2514.16779255327,0.377773604608664,0.469019186104391,1.04343839857053,0.6459999999999999,0.0041889161285517005,-2768
7,2006,Cabo Verde,2683.83943856892,0.451322052608015,0.508319346784495,1.17816697232822,0.6559999999999999,0.0536907687065549,-2408
7,2007,Cabo Verde,3056.97102851154,0.337458981190129,0.466167474632964,0.658209895991719,0.665,0.0441099704193489,-2200
7,2008,Cabo Verde,3238.44159287498,0.45935804547137105,0.437329541682754,0.7818411583028699,0.674,0.0677443546371143,-2340
7,2009,Cabo Verde,3159.58698693977,0.413602933111924,0.401655300274049,0.68479572252645,0.684,0.009911034805680839,-2618
7,2010,Cabo Verde,3194.61667734233,0.302838226775205,0.43074359101177995,0.855484498816191,0.6970000000000001,0.0207866470906424,-5069
7,2011,Cabo Verde,3309.20121643898,0.328742610267506,0.49638023818098503,0.905564501122747,0.708,0.0447388342165028,-7226
7,2012,Cabo Verde,3341.7421054836,0.374634532272165,0.42967334346567904,0.9064991655411699,0.7190000000000001,0.0254039644167108,-6779
7,2013,Cabo Verde,3361.09387702205,0.37516838567390104,0.391342958463821,0.861698600308418,0.73,0.0150654285701401,-6622
7,2014,Cabo Verde,3383.8422809791,0.372482924821867,0.41529334889533,0.9130385241172211,0.7434999999999999,-0.00238778144990621,-6578
7,2015,Cabo Verde,3415.06266730931,0.411352016327173,0.383459769638017,0.9400848701679929,0.755,0.00131187999024519,-6226
8,2000,Cameroon,1151.27689302947,0.248568127317047,0.314387457592569,0.47927944246014903,0.098,0.0122719012976132,-21221
8,2001,Cameroon,1169.92670464984,0.252612172490423,0.32875380622949,0.515722691890366,0.10800000000000001,0.0441977245881146,-19203
8,2002,Cameroon,1189.96707897027,0.229861583659013,0.295395486204425,0.484817227279603,0.11699999999999999,0.0283442260128067,-10766
8,2003,Cameroon,1221.09446141454,0.194369114585916,0.278391502625902,0.40243192589452903,0.128,0.00623163557374316,-18568
8,2004,Cameroon,1271.74326874167,0.205475737052101,0.259372381766096,0.418377424272557,0.138,0.0023364738006758402,-19444
8,2005,Cameroon,1264.74345218659,0.222454563981154,0.286829440871474,0.449976813478478,0.14800000000000002,0.0201353950175986,-27775
8,2006,Cameroon,1277.32990712342,0.24179094058435102,0.32165638442552497,0.47104434180356697,0.157,0.051175781601946906,-28528
8,2007,Cameroon,1295.73067471287,0.26978641804714804,0.371401997186125,0.5321569086051781,0.166,0.00921402245650095,-10807
8,2008,Cameroon,1295.02211276052,0.270083654696037,0.394261013962104,0.569244171562734,0.174,0.053378062762749805,-10720
8,2009,Cameroon,1290.89961351149,0.19582415284910099,0.286185103454534,0.42176107359476495,0.184,0.0304361847939999,-10203
8,2010,Cameroon,1290.9013745759,0.22368890297982,0.32758336466276394,0.472385853965951,0.19,0.0127538046242338,-9366
8,2011,Cameroon,1297.3064962694,0.24229686622931,0.369463389009189,0.51521987603918,0.19699999999999998,0.0293969946305093,-12669
8,2012,Cameroon,1319.66961634054,0.238767238437792,0.357784039117152,0.500360127271229,0.203,0.0273529677529534,-7523
8,2013,Cameroon,1347.2130636706,0.236391086680292,0.33099485271911905,0.496745363462134,0.21,0.0205034718001742,-6900
8,2014,Cameroon,1381.81938454907,0.236099755336855,0.34897515283659303,0.508323893087648,0.21899999999999997,0.0185489850366779,96599
8,2015,Cameroon,1415.00009710569,0.209891496295315,0.313658084795087,0.45540146827939304,0.228,0.0267623531419901,42008
9,2000,Central African Republic,437.168928414826,0.203722135905975,0.30323613515355896,0.456597819937269,0.006,0.0320340091563112,8079
9,2001,Central African Republic,446.658634192083,0.171572538375263,0.266981582057075,0.397304997372329,0.005,0.0383486060237362,-33006
9,2002,Central African Republic,452.808702217035,0.1596270493648,0.268053949291648,0.361085647794782,0.005,0.0233181703516235,5992
9,2003,Central African Republic,418.240532289858,0.18236003837768203,0.215352059169519,0.362312260023474,0.005,0.0413470905150996,-18097
9,2004,Central African Republic,433.825227770233,0.13997917508823002,0.223993118396557,0.332439549188203,0.005,-0.020664060113630298,-16510
9,2005,Central African Republic,427.968043155237,0.133627533256972,0.226475276984078,0.350709368656226,0.005,0.0288352073359022,-13604
9,2006,Central African Republic,439.294330902768,0.143160051485309,0.246945712099964,0.363958702287378,0.005,0.0669526465773354,-41282
9,2007,Central African Republic,450.762785401893,0.14115327420423399,0.251204355017964,0.37580899018789604,0.005,0.00959917619457111,-30352
9,2008,Central African Republic,450.313616886022,0.11003664702044899,0.225744065023733,0.34437521809551697,0.005,0.0925895099417076,-28983
9,2009,Central African Republic,492.215398914836,0.09841649901879711,0.188644412666774,0.314942464896799,0.005,0.035212622723864204,-28899
9,2010,Central African Republic,519.141456408484,0.116258010719319,0.205358787105878,0.344304819543042,0.005,0.0149102370047805,-43126
9,2011,Central African Republic,532.38295493852,0.13127820098599,0.205087591043924,0.344756183327299,0.005,0.0119447572449848,-86281
9,2012,Central African Republic,553.729578314912,0.115501330018626,0.209551190921072,0.330594485943314,0.005,0.054782959434612095,-111764
9,2013,Central African Republic,349.821171688973,0.14972954792190601,0.19449684936914502,0.38399287572131496,0.006,0.0698879341970198,-112382
9,2014,Central African Republic,351.561554911625,0.16675787587993698,0.266517010500461,0.530950920179825,0.006,0.14898684179755,-174051
9,2015,Central African Republic,366.322853938121,0.170676606236635,0.254743159267179,0.531451477769621,0.006,0.014029701713681699,-63045
10,2000,Chad,528.492179115295,0.168900964319303,0.36009907206165204,0.515711720135652,0.03,0.0382260088086307,-3845
10,2001,Chad,570.530862613474,0.14665787544877099,0.5073521116359889,0.643219080406854,0.027999999999999997,0.124312865279941,3484
10,2002,Chad,597.786883652378,0.126899405964434,0.916872691909229,1.26350807849912,0.026000000000000002,0.0519181895195446,20400
10,2003,Chad,658.928454990582,0.24632966906948098,0.507143195476738,0.833789149599315,0.025,-0.0175256941248655,105140
10,2004,Chad,842.158764877398,0.510088580567156,0.7108529513741559,1.01768590921564,0.023,-0.0535540028884816,110387
10,2005,Chad,949.086011648517,0.445923490073183,0.465694329020637,0.77577493649797,0.023,0.0789036567462993,19281
10,2006,Chad,910.773451555824,0.447758222138389,0.48426167097650696,0.7708157660296151,0.022000000000000002,0.08036288979513319,23052
10,2007,Chad,918.265540053882,0.434687945404915,0.503065462828812,0.7510599627319491,0.023,-0.089747396200927,-11339
10,2008,Chad,914.250602943879,0.40071386894678,0.460868602801864,0.690677746090641,0.024,0.10296975822125401,36446
10,2009,Chad,870.353795767171,0.328771516408689,0.389685857916969,0.648597511917067,0.025,0.0995242290748864,9108
10,2010,Chad,956.724153813537,0.34438353412980904,0.426787861863141,0.637311691270791,0.026000000000000002,-0.020778657464186598,10427
10,2011,Chad,965.593242567789,0.32662666907615195,0.485455813528677,0.575437561870898,0.0285,0.0202924053678259,29256
10,2012,Chad,1016.65896756228,0.333980005442342,0.424765420937633,0.543851887421013,0.031,0.0751662364663832,9514
10,2013,Chad,1008.54996552116,0.30151504195774204,0.38062577021528,0.515308164549816,0.034,0.00222671564624585,51887
10,2014,Chad,993.25648925195,0.231390359613993,0.47364640800068203,0.40811626985931904,0.038,0.016819731392566498,20842
10,2015,Chad,993.990730610869,0.279084800637597,0.420753331862591,0.485114982079885,0.042,0.0437712665065658,-48918
11,2000,Comoros,1030.93947568487,0.08836314058865989,0.16232999722511798,0.357574785467961,0.005,NA,-2557
11,2001,Comoros,1033.51343021937,0.08836260797629811,0.179650831874411,0.35757228880894204,0.006,0.055545939481681,-2029
11,2002,Comoros,1035.39872091786,0.0883617675060801,0.16902809834719298,0.357571190715765,0.008,0.0353304214308079,-1925
11,2003,Comoros,1037.00510726154,0.08836129878538429,0.177368113036203,0.357569591302191,0.01,0.0379908136671903,-4112
11,2004,Comoros,1037.06257910624,0.0883602717918231,0.16569194806749302,0.35757063116189797,0.012,0.0447499289078105,-2455
11,2005,Comoros,1044.94496999226,0.0883628108091383,0.16976496154456,0.35757409334039797,0.015,0.030133239505812003,-2760
11,2006,Comoros,1051.1859194001,0.0883617933267314,0.178972379402833,0.35757274564330105,0.018000000000000002,0.0337436360121207,-3020
11,2007,Comoros,1038.68653866198,0.08975341966970911,0.191033214394998,0.331561792127495,0.021,0.0446616710098134,-3147
11,2008,Comoros,1058.62282121214,0.0822134722875202,0.204224474341143,0.36218526354280894,0.025,0.0170078176284526,-3294
11,2009,Comoros,1105.09838128939,0.0931193867197775,0.248525093946113,0.378969223253542,0.028999999999999998,0.0436234829325718,-3553
11,2010,Comoros,1135.3590787937,0.0963889703893025,0.27974201508810803,0.395501057977388,0.033,0.0335475770328922,-3832
11,2011,Comoros,1178.42049434859,0.0995640374806739,0.296162358744114,0.400009485841888,0.038,0.0184266300756185,-3897
11,2012,Comoros,1227.8383415516,0.0894587438315301,0.288430423717969,0.408104424055408,0.043,0.0631474450315182,-3835
11,2013,Comoros,1309.47579833416,0.09048395318476439,0.273242865228862,0.39243330424361195,0.047,-0.042948733153675304,-2365
11,2014,Comoros,1331.21227800861,0.0967647247817716,0.264442652003596,0.392358244155675,0.053,NA,-2667
11,2015,Comoros,1329.3704808998,0.101361983069761,0.239123107664124,0.378049520714563,0.057999999999999996,NA,-2815
12,2000,"Congo, Dem. Rep.",327.240142486849,0.11449612031342699,0.0780593244656727,0.270144029227569,0.009000000000000001,5.13906843747535,79340
12,2001,"Congo, Dem. Rep.",310.380267408895,0.11987684833486,0.224517013143046,0.25041937513839096,0.011000000000000001,3.5993661426458603,26523
12,2002,"Congo, Dem. Rep.",309.911785375198,0.156713428067886,0.25355066818571603,0.293168456429821,0.013000000000000001,0.31522582602549504,-17358
12,2003,"Congo, Dem. Rep.",317.778121357431,0.240004430362555,0.321452133533907,0.540313561776419,0.015,0.128739657187405,-106731
12,2004,"Congo, Dem. Rep.",329.3490636773,0.22729513513102698,0.385336864801528,0.49336414625499403,0.018000000000000002,0.0399438400815971,4260
12,2005,"Congo, Dem. Rep.",338.980980805364,0.22944182777446098,0.42567651071795504,0.523146046950079,0.021,0.21316816722934098,20384
12,2006,"Congo, Dem. Rep.",346.179697463638,0.217000985286877,0.387284671428324,0.479632596230374,0.023,0.130526949745101,-29715
12,2007,"Congo, Dem. Rep.",356.886805082139,0.390719137879801,0.38835944968812697,0.801420550528087,0.026000000000000002,0.16945100654195,-99742
12,2008,"Congo, Dem. Rep.",367.843747648712,0.390277992626484,0.439648944882963,0.8377229165079829,0.027999999999999997,0.173013845700157,-82339
12,2009,"Congo, Dem. Rep.",366.830226544363,0.268137878104525,0.396817469134754,0.6294687936265639,0.031,0.0279999999999982,-46009
12,2010,"Congo, Dem. Rep.",380.578038274352,0.41111154153914,0.454424870822578,0.9074761029295431,0.032,0.0710000000000037,8823
12,2011,"Congo, Dem. Rep.",393.616173563894,0.395156166665655,0.468270798862722,0.8519814419194179,0.034,0.15316515913949,40891
12,2012,"Congo, Dem. Rep.",407.671076943679,0.308030090175031,0.423118148042608,0.683517113952036,0.035,0.09721828062733641,53668
12,2013,"Congo, Dem. Rep.",427.458520350728,0.364458613110467,0.38249992408051703,0.7746594514722651,0.036000000000000004,0.00808223101487066,121097
12,2014,"Congo, Dem. Rep.",452.339650501681,0.368321888505236,0.417777796709795,0.7869015012421601,0.038,0.0124303889760764,36966
12,2015,"Congo, Dem. Rep.",467.9145805459,0.277255678009169,0.441825245977002,0.593324309644245,0.038,0.00744198994781517,-17711
13,2000,"Congo, Rep.",2057.01922023551,0.8029714721919299,0.915138217691603,1.23909884405671,0.083,-0.00881991517025431,79780
13,2001,"Congo, Rep.",2056.16505922617,0.774200268515354,0.978651801855685,1.30732481081873,0.08800000000000001,5.59899218140583e-4,-764
13,2002,"Congo, Rep.",2100.16876714574,0.815164254833959,0.973881222758801,1.3545607107225999,0.094,0.043787597178087306,-16140
13,2003,"Congo, Rep.",2058.88683675038,0.808123655970076,1.00122067644847,1.5686177733536801,0.1,-0.00631844987363156,26280
13,2004,"Congo, Rep.",2058.88402946896,0.805297928332926,0.9452488056291231,1.31368198717322,0.106,0.0242976607961799,25412
13,2005,"Congo, Rep.",2140.03686200251,0.750050837514178,0.909623830284271,1.19552892262402,0.113,0.0309449011456182,38337
13,2006,"Congo, Rep.",2226.0233547376,0.7746412945715611,1.00231593960678,1.25600762974491,0.1225,0.0653784395299604,35475
13,2007,"Congo, Rep.",2004.10103961966,0.6848539072026579,1.1638785339470201,1.4858662539506902,0.131,0.0265464645060703,31239
13,2008,"Congo, Rep.",2061.55829880574,0.734029185288145,1.09100045307618,1.33108486659608,0.142,0.049587509202315194,1774
13,2009,"Congo, Rep.",2211.31572382028,0.64479912106445,1.30089579774838,1.35552365681975,0.155,0.04415003747952231,86014
13,2010,"Congo, Rep.",2332.28508055953,0.685280915300939,0.8584316914671339,1.24064754399607,0.16899999999999998,0.00391525011227614,12318
13,2011,"Congo, Rep.",2307.49384399715,0.7361173273938949,1.3309798445996799,1.24591742710141,0.185,0.0175958704273801,5262
13,2012,"Congo, Rep.",2467.06102906839,0.580820278199554,0.835758443161846,0.97444435145443,0.203,0.050101877313446896,-26643
13,2013,"Congo, Rep.",2390.65754938662,0.5293434058402819,1.04823725004851,0.930028633915235,0.21899999999999997,0.0463161619729462,-24605
13,2014,"Congo, Rep.",2488.68118548992,0.531336383710482,1.04758433192076,1.04197620103417,0.24,0.00912139545450162,-21598
13,2015,"Congo, Rep.",2439.35189403696,0.40857048793450196,1.54188321933764,1.17320721558581,0.26,0.0316909796750827,-18207
14,2000,Cote d'Ivoire,1717.95385651231,0.277900585635603,0.38425498277042897,0.549639916295152,0.179,0.025307751673798798,-63843
14,2001,Cote d'Ivoire,1636.57318705218,0.27469814629524103,0.386305326419024,0.531141047180447,0.17300000000000001,0.043615291400726106,-76679
14,2002,Cote d'Ivoire,1551.27925902838,0.31361161437556,0.436126776532318,0.559019482275388,0.17,0.030772648515743,-90503
14,2003,Cote d'Ivoire,1441.58801755037,0.28741013407249,0.426647130150118,0.53260060681877,0.16699999999999998,0.032968074697421204,-99880
14,2004,Cote d'Ivoire,1451.86547141894,0.301412888678631,0.494841136927989,0.581182963035946,0.165,0.0145798835600739,-108869
14,2005,Cote d'Ivoire,1431.73320203111,0.31878980225236697,0.564215412444223,0.628209360402806,0.16399999999999998,0.0388583039886477,-117342
14,2006,Cote d'Ivoire,1437.77453798586,0.328409302334209,0.565514271336804,0.63690377061452,0.16399999999999998,0.0246719148596918,-124651
14,2007,Cote d'Ivoire,1420.1738958245,0.304909527241434,0.5337952520707929,0.614309423484426,0.16699999999999998,0.0189200629349596,-130079
14,2008,Cote d'Ivoire,1454.62731800082,0.310136690713744,0.53623660854391,0.619406212969499,0.16899999999999998,0.0630852769152581,-150037
14,2009,Cote d'Ivoire,1473.9183699329,0.35412741304810297,0.539649446083282,0.6667290374691849,0.175,0.0101950457731134,-168027
14,2010,Cote d'Ivoire,1540.52927270246,0.334995745908321,0.5512603109347,0.6747294008125699,0.183,0.0122645612135478,-182689
14,2011,Cote d'Ivoire,1426.46463864534,0.352813763519634,0.527474588349968,0.6471590306113449,0.193,0.0491243395052459,-200010
14,2012,Cote d'Ivoire,1503.43433046682,0.349824903983423,0.603074688512148,0.703010893191249,0.20600000000000002,0.013045111991559699,-232712
14,2013,Cote d'Ivoire,1632.32712787006,0.291604026575655,0.579276510507419,0.5835267925272339,0.21600000000000003,0.0258117037252936,-250964
14,2014,Cote d'Ivoire,1742.53693001178,0.281569587645537,0.49278294194992,0.536804175610344,0.233,0.0044868207676616,-23011
14,2015,Cote d'Ivoire,1814.71855088017,0.27353243792347604,0.483160482427488,0.527128647411445,0.251,0.0125149954781475,522
15,2000,"Egypt, Arab Rep.",2458.60835003016,0.16201117318435798,0.198861073213761,0.39017935901205497,0.8220000000000001,0.0268380535348546,27873
15,2001,"Egypt, Arab Rep.",2492.03441188721,0.174797881237803,0.18825121271257297,0.39810426540284405,0.86,0.022697572047595604,556
15,2002,"Egypt, Arab Rep.",2498.48121191713,0.183161784111903,0.21511269464238603,0.409870678279229,0.894,0.0273723855000334,11205
15,2003,"Egypt, Arab Rep.",2524.80477192682,0.217964071856287,0.253560718562874,0.46179640718562903,0.92,0.0450777636319304,9854
15,2004,"Egypt, Arab Rep.",2574.42341789124,0.282299608489594,0.32508501957552,0.578199052132701,0.9420000000000001,0.11270619332052,-3044
15,2005,"Egypt, Arab Rep.",2635.70305227819,0.303435468895079,0.394388423398329,0.629526462395543,0.958,0.0486939696871988,-37129
15,2006,"Egypt, Arab Rep.",2761.62410769792,0.29949813825481597,0.40984458474987906,0.615185365063947,0.97,0.0764452644526434,-118055
15,2007,"Egypt, Arab Rep.",2902.06559804963,0.30249731471536,0.43180725026852795,0.6507787325456501,0.978,0.093189690579923,-173021
15,2008,"Egypt, Arab Rep.",3052.21297844721,0.330429927414852,0.458216638749302,0.716806253489671,0.986,0.183168316831684,-192199
15,2009,"Egypt, Arab Rep.",3135.09661303014,0.249568221070812,0.359551026674343,0.565534446363462,0.9890000000000001,0.117634954386443,-175191
15,2010,"Egypt, Arab Rep.",3233.84521246786,0.21349245814685902,0.362406025194762,0.47936350074589795,0.992,0.112651882653185,-194100
15,2011,"Egypt, Arab Rep.",3222.37650111856,0.205674276128656,0.378961498067245,0.452556341623514,0.995,0.100649259874818,126170
15,2012,"Egypt, Arab Rep.",3220.99194203067,0.16396966620887302,0.35328954439601096,0.407117692721084,0.997,0.07111729433430809,-2626
15,2013,"Egypt, Arab Rep.",3216.3783902629,0.17017845624596903,0.330051118039131,0.40373038056332,0.998,0.0946971981064917,130305
15,2014,"Egypt, Arab Rep.",3235.66246235257,0.142441314553991,0.30641494366197203,0.36920187793427206,0.998,0.10070215468748099,-92801
15,2015,"Egypt, Arab Rep.",3306.98159414141,0.131838454928598,0.257837333769794,0.348459429600229,0.9990000000000001,0.10370490343517,-193298
16,2000,Equatorial Guinea,3839.08642737128,NA,1.4799256454674,NA,0.19,0.0480228886901398,26695
16,2001,Equatorial Guinea,5882.85050306586,NA,1.74384501514496,NA,0.19699999999999998,0.0882538925854966,26919
16,2002,Equatorial Guinea,6604.0054631081,NA,1.45233736857228,NA,0.19899999999999998,0.075924784983324,27198
16,2003,Equatorial Guinea,7082.65489186921,NA,1.49270794555531,NA,0.201,0.0732354399351809,27696
16,2004,Equatorial Guinea,9208.60566707162,NA,1.2902525646426801,NA,0.203,0.042196878709483396,28578
16,2005,Equatorial Guinea,10212.4545051498,0.874173831312055,1.01906095559074,1.3102447181321,0.209,0.0563163351357613,15548
16,2006,Equatorial Guinea,10521.9996774827,0.823256504465367,1.01392662484125,1.18532782368937,0.212,0.0441589984169561,16889
16,2007,Equatorial Guinea,11594.9172068456,0.88621293972478,0.9927539170260989,1.34083789857569,0.21600000000000003,0.0280373831775704,18433
16,2008,Equatorial Guinea,13048.0703050168,0.8922435018029521,0.962283668266338,1.28688006601458,0.221,0.0655176691184535,19925
16,2009,Equatorial Guinea,12627.862381545,0.74342209937853,1.02157367884273,1.22212077110801,0.226,0.0469106567747375,21235
16,2010,Equatorial Guinea,10984.3243932426,0.8575843319859671,1.24196697724476,1.44668225001248,0.22899999999999998,0.0778916547991184,22027
16,2011,Equatorial Guinea,11203.9073679091,0.7509531265797931,1.1333338253668699,1.1437734663649,0.23,0.0480538922155698,17604
16,2012,Equatorial Guinea,11650.7196270884,0.7190499182407509,1.11750113537549,1.16675422472364,0.235,0.0365662048278811,17860
16,2013,Equatorial Guinea,10731.6455729191,0.6765331666254789,0.902143582842928,1.06893284926066,0.23399999999999999,0.0294887694639661,18106
16,2014,Equatorial Guinea,10363.4872473549,0.6596328859837279,0.832971403430512,1.04379198671388,0.23600000000000002,0.0430999866149104,18058
16,2015,Equatorial Guinea,9068.91003238645,0.566584738218082,0.699556496295517,0.9887805916807559,0.237,0.0167663085315991,17697
17,2000,Eritrea,845.132430060544,0.09670620593508661,0.719169009806424,0.678813619265146,0.036000000000000004,NA,-33133
17,2001,Eritrea,893.268735439193,0.108070403599802,0.587475587682396,0.7206271095897521,0.039,NA,41760
17,2002,Eritrea,889.009113592982,0.117811808402808,0.8089708780838061,0.765901636574451,0.043,NA,-6574
17,2003,Eritrea,830.379672282601,0.0644232783354792,0.5056028450808,0.740078242901552,0.048,NA,76703
17,2004,Eritrea,808.591420184592,0.0577539898239118,0.442719648990702,0.65570906849032,0.054000000000000006,NA,-6374
17,2005,Eritrea,809.794793468889,0.0616571332006919,0.456107739146627,0.6110603102180729,0.057999999999999996,NA,-12835
17,2006,Eritrea,789.402432018085,0.068995093921478,0.418606305654313,0.452608460537354,0.063,NA,-49998
17,2007,Eritrea,789.072701743247,0.0577185258376616,0.39682103375202304,0.345595595326375,0.069,NA,-18131
17,2008,Eritrea,693.398874212494,0.0442875664923759,0.442693057645447,0.305609500494496,0.07400000000000001,NA,17855
17,2009,Eritrea,702.430936480778,0.0452862385911089,0.323693348435748,0.279721416148149,0.076,NA,-24348
17,2010,Eritrea,703.877374381654,0.0637837659786896,0.423399471332471,0.374714654565691,0.08199999999999999,NA,-13361
17,2011,Eritrea,751.374899794668,0.18154837256767098,0.6682803454553471,0.473937901188684,0.084,NA,-32949
17,2012,Eritrea,NA,NA,0.540506579531587,NA,0.08900000000000001,NA,-43269
17,2013,Eritrea,NA,NA,0.462893846652417,NA,0.09,NA,-33974
17,2014,Eritrea,NA,NA,0.691913009219017,NA,0.095,NA,-75696
17,2015,Eritrea,NA,NA,0.44897973441150596,NA,0.096,NA,-52965
18,2000,Eswatini,2288.1859079469,NA,1.12537076800642,NA,0.249,0.12208535854584399,-8563
18,2001,Eswatini,2291.0910767816,NA,1.41525582737108,NA,0.257,0.0594210982281648,-8788
18,2002,Eswatini,2372.53399061179,NA,1.3852603586469,NA,0.272,0.120197154699232,-9209
18,2003,Eswatini,2447.82157729362,NA,1.4365681667864998,NA,0.28600000000000003,0.07289999999999991,-9595
18,2004,Eswatini,2521.26197648362,NA,1.39851415700701,NA,0.29600000000000004,0.0344533507316614,-9863
18,2005,Eswatini,2657.98544901873,NA,1.11072216652719,NA,0.312,0.047740040455371203,-10330
18,2006,Eswatini,2803.19134323489,NA,1.08466789389208,NA,0.326,0.053046394633872805,-10923
18,2007,Eswatini,2910.69700039141,NA,1.0318842932294299,NA,0.341,0.08076088278615799,-9271
18,2008,Eswatini,2914.87429866549,NA,0.9562596763137999,NA,0.358,0.126574601863917,-9822
18,2009,Eswatini,2941.57575783243,NA,0.960778976495963,NA,0.375,0.0744823423445757,-10989
18,2010,Eswatini,3035.32777964884,NA,0.847082449105453,NA,0.391,0.0450923691774372,-11334
18,2011,Eswatini,3086.37215510448,NA,0.8007503520071291,NA,0.413,0.0610742714590245,-11596
18,2012,Eswatini,3235.47890805132,NA,0.772323797755606,NA,0.425,0.089396468278821,-12294
18,2013,Eswatini,3342.18695835877,0.417946232081753,0.803632709986538,0.85178074262072,0.43700000000000006,0.05621306234689501,-12664
18,2014,Eswatini,3371.35427308353,0.453106283886811,0.861872808667496,0.9159971992565239,0.452,0.056813488577644906,-12724
18,2015,Eswatini,3420.75357067279,0.448465696598776,0.824703945212556,0.882380778212486,0.45799999999999996,0.0495124493704916,-12582
19,2000,Ethiopia,257.412698845664,NA,0.21183280022675302,NA,0.009000000000000001,0.0066245810926648194,-49891
19,2001,Ethiopia,270.451435406908,NA,0.275289788724759,NA,0.009000000000000001,-0.08237844533911369,-19063
19,2002,Ethiopia,266.316614456911,NA,0.264176579559594,NA,0.009000000000000001,0.00675089102170791,-12925
19,2003,Ethiopia,252.806674812798,NA,0.368983523330079,NA,0.01,0.136740452028272,-13744
19,2004,Ethiopia,278.648105685268,NA,0.35060056717324994,NA,0.011000000000000001,0.033273704789484604,-25430
19,2005,Ethiopia,302.475022727211,NA,0.403027481349582,NA,0.011000000000000001,0.0996997123512892,-44421
19,2006,Ethiopia,325.543392093065,NA,0.409008344401579,NA,0.013000000000000001,0.122994763114825,-30512
19,2007,Ethiopia,352.360703147015,NA,0.359556413222935,NA,0.013999999999999999,0.172404008340898,-381
19,2008,Ethiopia,379.238310448137,NA,0.364984367930615,NA,0.016,0.443566858766952,-20780
19,2009,Ethiopia,401.068729929542,NA,0.286274581680457,NA,0.019,0.0848364404530282,16315
19,2010,Ethiopia,438.78661648794,NA,0.36520600558420296,NA,0.022000000000000002,0.0814926402965083,80213
19,2011,Ethiopia,474.159034335212,0.166868531997337,0.368387546550886,0.48232935411689,0.026000000000000002,0.332499598823345,116793
19,2012,Ethiopia,500.91935528473,0.137672981990263,0.35286874706803195,0.453979041835072,0.03,0.23600417677317,119517
19,2013,Ethiopia,539.072451759432,0.12484073558977,0.315751189171391,0.414717870807625,0.034,0.0746402192944522,80955
19,2014,Ethiopia,578.632922927814,0.116416199095703,0.335034228834772,0.407410841498626,0.038,0.0689001951597188,103122
19,2015,Ethiopia,621.845673808133,0.0936331359735926,0.303703420366633,0.396561241449515,0.043,0.0956889955968623,62785
20,2000,Gabon,7596.09970650519,0.6903217670860821,0.698358711378527,1.01701928939637,0.644,0.005049200258348589,3086
20,2001,Gabon,7556.76995314898,0.542752324798833,0.701933843808202,0.836386132424108,0.6595,0.0213762052701465,3801
20,2002,Gabon,7338.75620613605,0.5260889969478071,0.6642362442565031,0.8475908153762229,0.6759999999999999,3.66828893971394e-4,4582
20,2003,Gabon,7301.67154442842,0.519294344950898,0.6554151314081009,0.803026082056312,0.6940000000000001,0.0223535313551536,5434
20,2004,Gabon,7148.98713447497,0.550391552768837,0.653134743645687,0.817675371418698,0.71,0.0040820530743924995,6830
20,2005,Gabon,7130.22505771754,0.600086727573886,0.68205648861943,0.839495998399241,0.7290000000000001,0.0370833333333304,8555
20,2006,Gabon,6724.08148977274,0.605718165208079,0.694740421450524,0.886494092562519,0.7440000000000001,-0.014094013660098,10382
20,2007,Gabon,6908.67399162999,0.58528604586134,0.679704664919814,0.851324791636578,0.76,0.0503031883679951,12045
20,2008,Gabon,6468.38523357609,0.6219971201133739,0.778930618709738,0.8899887259457481,0.774,0.052643014557528504,13441
20,2009,Gabon,6264.83611480154,0.521717321839785,0.64860452251056,0.8350457742356361,0.79,0.018857075457791802,15277
20,2010,Gabon,6481.49612073562,0.576634923763037,0.811892466691843,0.8915766272483531,0.807,0.0146154402720469,17274
20,2011,Gabon,6699.23394606512,0.6174437212745061,0.737549314878211,0.904983773331323,0.82,0.0126331707837422,18967
20,2012,Gabon,6803.22668079211,0.6095034143813011,1.02909274807446,0.923428089420545,0.8320000000000001,0.0265241828695621,19973
20,2013,Gabon,6938.25753862236,0.573574058813271,1.11254170962101,0.906350361478645,0.8420000000000001,0.00505441058915667,19587
20,2014,Gabon,6998.60545439576,0.44520892394567496,1.28971889118085,0.735203290162438,0.853,0.0469045751826286,16565
20,2015,Gabon,7047.12654634355,0.46032008504370503,1.1662987079543798,0.739497814588281,0.863,-0.00338795188753388,12041
21,2000,"Gambia, The",659.911237641141,0.257986743189831,0.259287780315831,0.563598198850954,0.037000000000000005,0.008449695667737001,-3670
21,2001,"Gambia, The",679.539755947951,0.21820798133863398,0.20802703744382398,0.46929263186562303,0.037000000000000005,0.044925960923975404,-3882
21,2002,"Gambia, The",640.03893213613,0.271573845831505,0.30783315568727704,0.59642950918834,0.036000000000000004,0.0860912474386327,-4067
21,2003,"Gambia, The",665.834222326194,0.310937864451292,0.330569223643827,0.688587930342232,0.035,0.170328665431988,-3713
21,2004,"Gambia, The",693.563314497133,0.20594782868259098,0.25678327552277297,0.499342995615683,0.035,0.142067432845569,-3636
21,2005,"Gambia, The",658.676285443081,0.199032907784291,0.259803174705979,0.500187233950976,0.034,0.0483862177543157,-3209
21,2006,"Gambia, The",636.596026908866,0.210347123388331,0.25613964651786203,0.5037446858197501,0.032,0.020565034236598997,-2666
21,2007,"Gambia, The",637.20930597537,0.180329574603162,0.26099805011578797,0.442938444656791,0.031,0.053691347380195695,-2320
21,2008,"Gambia, The",657.675679192228,0.144752001750388,0.215140933010006,0.39089099456134396,0.03,0.044436549094500996,-2204
21,2009,"Gambia, The",681.433469086571,0.157461075261153,0.255147337459129,0.41777394425797704,0.028999999999999998,0.045615068767098296,-2259
21,2010,"Gambia, The",701.014524591061,0.146678148782972,0.22873139401503897,0.410125150279466,0.027000000000000003,0.050496807585740294,-2456
21,2011,"Gambia, The",625.464360270983,0.168594044684804,0.314252686514921,0.426397020468894,0.024,0.0479588266183109,-2360
21,2012,"Gambia, The",639.139881889048,0.19841682234837701,0.357595975699698,0.477006731141985,0.023,0.042543219981390094,-2332
21,2013,"Gambia, The",638.522368532214,0.18979164365900603,0.351844049043534,0.454619193623296,0.023,0.056991298963738404,-2476
21,2014,"Gambia, The",611.879472952196,0.218368954439609,0.416442408156796,0.582579307752264,0.021,0.059479993569661806,-2793
21,2015,"Gambia, The",619.536364296461,0.15570848582914698,0.388194079432661,0.445223730803813,0.02,0.0680845494579614,-3224
22,2000,Ghana,1022.27520714566,0.48802257619003797,0.9319966249884909,1.16048430162968,0.063,0.40240933123913997,-4206
22,2001,Ghana,1035.22666053257,0.45233016466731596,0.916296613931448,1.10045854160811,0.068,0.41509496287803005,36050
22,2002,Ghana,1052.46591644399,0.426162518930867,0.7411374258114689,0.974892431746551,0.075,0.0936093239560312,40573
22,2003,Ghana,1077.69990866645,0.4067904265112,0.725036084386247,0.9728714571395319,0.08199999999999999,0.297729797160384,28768
22,2004,Ghana,1108.30475353633,0.39303325121410704,0.734567393238852,0.9967033434721221,0.08900000000000001,0.180427388232565,34433
22,2005,Ghana,1143.31178934301,0.36449216950714003,0.758429721018129,0.981715141146279,0.098,0.154389920155908,21272
22,2006,Ghana,1185.26570738595,0.246561904908957,0.501842524892458,0.6451905424391521,0.107,0.11679183939249199,28536
22,2007,Ghana,1205.31705804209,0.245250906044049,0.49364935693004297,0.6535432228525321,0.11800000000000001,0.10734266545629201,32813
22,2008,Ghana,1282.63416886747,0.250294572995074,0.5418177883876509,0.695142256111434,0.1275,0.16494639613412002,30506
22,2009,Ghana,1311.63053760125,0.292918659785048,0.533078016772251,0.715947385281523,0.138,0.192469482220857,22416
22,2010,Ghana,1381.2279503506,0.294767179831573,0.58644021335595,0.7537781579168239,0.153,0.10733389835491501,-3726
22,2011,Ghana,1537.81834019283,0.369366085502594,0.7276416991236251,0.862954538549695,0.166,0.08728459370930229,-720
22,2012,Ghana,1640.54072088003,0.40359218174037104,0.758752345917387,0.931680351286831,0.17600000000000002,0.111863409441067,1005
22,2013,Ghana,1718.59704769958,0.254407833967285,0.49887246135928204,0.6075932190287751,0.191,0.116661923071728,-2377
22,2014,Ghana,1726.36930134647,0.282319021605976,0.508737123397321,0.638365624430783,0.20199999999999999,0.15489616033331902,-6312
22,2015,Ghana,1722.77282833606,0.33831704823369596,0.481139495320654,0.765212709243242,0.21600000000000003,0.171499695007878,-13306
23,2000,Guinea,614.137235083638,0.168193583183757,0.292618668887692,0.366796954912881,0.006999999999999999,NA,-77450
23,2001,Guinea,628.320554864936,0.196002796228163,0.322867794886994,0.401878781394378,0.008,NA,-155020
23,2002,Guinea,650.554963973291,0.181594392886496,0.319880323657012,0.380284032674396,0.008,NA,-33450
23,2003,Guinea,644.071217908894,0.17802072550526302,0.24854890545912098,0.350751269891585,0.008,NA,-36934
23,2004,Guinea,645.182843390689,0.168893836527306,0.287505510777296,0.345950959210535,0.008,NA,-56036
23,2005,Guinea,651.359606871604,0.23857257886843597,0.390662522448523,0.47937700391716703,0.008,0.313733025877534,-71015
23,2006,Guinea,645.472001923653,0.238243077612927,0.471324797733468,0.6938629371489491,0.008,0.346952705997072,-48078
23,2007,Guinea,673.698997420626,0.23550955979011298,0.38539183618265,0.711210322265015,0.008,0.181755656108597,-34311
23,2008,Guinea,684.775780377366,0.216404621100491,0.38884692907757595,0.6418424339095811,0.008,0.23065612938798,-32925
23,2009,Guinea,660.756701330284,0.225157883196913,0.314132758060335,0.698153454158123,0.008,0.0468438868976505,-34007
23,2010,Guinea,675.736917327708,0.30341207018784,0.419641611892081,0.7354657393403871,0.008,0.150502688559001,-31327
23,2011,Guinea,696.199991395571,0.326022412863238,0.521581199310507,0.859546732708386,0.008,0.213169268542577,-29069
23,2012,Guinea,719.505916794546,0.33137394501583,0.547522336230856,0.866743318322581,0.008,0.152262941038638,-32808
23,2013,Guinea,729.833143236326,0.264706217253735,0.44827184427103295,0.804264477180461,0.008,0.11887588448182801,-29136
23,2014,Guinea,738.272274481308,0.266885109662704,0.505554874010367,0.767719658952305,0.008,0.0615050556706421,-22741
23,2015,Guinea,747.356966759448,0.21496871982435098,0.451774944011485,0.724427307469345,0.008,0.11780082502983401,-15117
24,2000,Guinea-Bissau,571.094015178625,0.130927844637276,0.30918962874911904,0.527373461180145,0.013999999999999999,0.0863632094930278,-6971
24,2001,Guinea-Bissau,585.837980688333,0.100791893849037,0.302948876608155,0.47583217277461204,0.013000000000000001,0.033481226552710804,-6239
24,2002,Guinea-Bissau,594.040535151552,0.11455566566140502,0.24208732685669399,0.396760635550924,0.013000000000000001,0.033001217528375204,-5712
24,2003,Guinea-Bissau,579.092506821836,0.119317538468321,0.23482031182292298,0.380334709318917,0.012,-0.0350258551103421,-5487
24,2004,Guinea-Bissau,572.526464627294,0.129332446603251,0.273116174560695,0.43192131633446,0.012,0.00883302696930943,-5144
24,2005,Guinea-Bissau,595.94255560187,0.135628027893561,0.5033011233954859,0.45784231545071596,0.012,0.0332919922802856,-4662
24,2006,Guinea-Bissau,597.257151722046,0.10377562766001301,0.560822542826338,0.48760503386022597,0.012,0.0195473717628916,-4142
24,2007,Guinea-Bissau,597.482020935948,0.111203023648924,0.682455194100874,0.462445284700147,0.011000000000000001,0.046174377224199696,-3676
24,2008,Guinea-Bissau,608.958620496925,0.117665758206639,0.675996578272003,0.45138889374472396,0.011000000000000001,0.10460073135470599,-3313
24,2009,Guinea-Bissau,608.202131879882,0.11128308041919001,0.6964978701296219,0.435957474099206,0.011000000000000001,-0.0165139733620775,-2821
24,2010,Guinea-Bissau,625.904027290582,0.12639415699978498,0.625457033755995,0.435145876385454,0.011000000000000001,0.0251785140171701,-2257
24,2011,Guinea-Bissau,658.953470528116,0.192980958159564,0.45027358343150803,0.486174602066373,0.011000000000000001,0.0504610226320201,-1760
24,2012,Guinea-Bissau,630.66862302825,0.14116777564725902,0.32589673291241394,0.44128066560979495,0.011000000000000001,0.0213054580274496,-1442
24,2013,Guinea-Bissau,634.095456089352,0.132144211714798,0.330725133360306,0.39957461780578696,0.011000000000000001,0.012071255566841299,-1395
24,2014,Guinea-Bissau,623.610159103365,0.16694120948651603,0.37524750445498,0.468696583055238,0.011000000000000001,-0.015092446057049999,-1393
24,2015,Guinea-Bissau,645.066837207039,0.250467119622253,0.43648638578429905,0.543703755891285,0.011000000000000001,0.0147672048910486,-1393
25,2000,Kenya,1195.41296851656,0.215875711417625,0.380863176752307,0.533090443862273,0.017,0.09980025153509789,5407
25,2001,Kenya,1202.29348759987,0.229315763643367,0.395502623059122,0.559468360286644,0.022000000000000002,0.0573859814341467,55052
25,2002,Kenya,1171.4262517349,0.248979726147002,0.407750781855428,0.551726722640053,0.025,0.0196130821739162,10431
25,2003,Kenya,1169.14433674051,0.24086815305420997,0.411687257793462,0.54132265895729,0.03,0.0981569062979654,24175
25,2004,Kenya,1191.25443604556,0.266102585752973,0.449633329069652,0.594770033484289,0.035,0.116240355442426,31525
25,2005,Kenya,1223.44738472019,0.285090302142012,0.49450590615691603,0.644788661639796,0.040999999999999995,0.103127783574683,5501
25,2006,Kenya,1263.54164666211,0.22984939644186098,0.415674232589401,0.552364851257303,0.047,0.14453734208170801,15767
25,2007,Kenya,1309.91092948216,0.219189912933699,0.40897178096162,0.538947888046059,0.052000000000000005,0.0975888023027529,-11495
25,2008,Kenya,1273.77226103073,0.226740575532267,0.449336428589264,0.575785986473131,0.059000000000000004,0.262398166445063,29612
25,2009,Kenya,1276.73503486074,0.187749454916013,0.34630374137344705,0.459451918127805,0.065,0.09234125923946519,7096
25,2010,Kenya,1340.16467408856,0.20124359647879297,0.380173244559335,0.503942873502834,0.07,0.039613888911538504,-21069
25,2011,Kenya,1370.58000874482,0.21549477070827902,0.438195665950913,0.5840220597456249,0.076,0.140224913014704,-44795
25,2012,Kenya,1396.30178709756,0.198649477228834,0.397487763346172,0.516236920232481,0.085,0.09377770035475949,-42928
25,2013,Kenya,1413.94142522583,0.17792180553165501,0.360199143284101,0.474646425127304,0.095,0.0571749357037735,-57634
25,2014,Kenya,1450.59338202277,0.164728044658123,0.358947266506158,0.46170489362216005,0.106,0.0687815499275944,-72415
25,2015,Kenya,1489.11959777284,0.151287339034504,0.31373160003338,0.40327384691901896,0.11900000000000001,0.06582154292847829,-95977
26,2000,Lesotho,725.263668707773,NA,1.15970882406356,NA,0.16,0.061319753872269595,-26220
26,2001,Lesotho,752.243212493971,NA,1.23893832560808,NA,0.177,-0.09616153538584721,-27874
26,2002,Lesotho,760.033443180306,NA,1.5120319876619999,NA,0.192,0.33812578338126004,-29924
26,2003,Lesotho,798.540500554454,NA,1.37930982686527,NA,0.20850000000000002,0.0662916357146762,-31723
26,2004,Lesotho,817.793597897186,NA,1.42135250104838,NA,0.22399999999999998,0.0502342068616285,-33530
26,2005,Lesotho,853.960500629797,NA,1.22507678504415,NA,0.239,0.034378842305744305,-35679
26,2006,Lesotho,893.750686627156,NA,1.23215885930539,NA,0.254,0.06072718797342971,-11416
26,2007,Lesotho,927.26863327342,0.532487600192534,1.52663425282252,1.65048948833372,0.26899999999999996,0.08012436690434081,-5179
26,2008,Lesotho,971.881366821351,0.529184829037571,1.51904232532204,1.61126590593391,0.285,0.10715666130968099,-5392
26,2009,Lesotho,952.747929746529,0.447633289777901,1.4842940282093802,1.58894737585637,0.298,-0.168596910540644,-5599
26,2010,Lesotho,995.233432451681,0.42126258931121496,1.4220803077079198,1.50102435487333,0.311,-0.0240524254598709,-5886
26,2011,Lesotho,1031.99721564343,0.477228451203639,1.42358157137007,1.4979660669915298,0.324,0.050366305210155796,-6118
26,2012,Lesotho,1086.39034816283,0.417959336745045,1.44246551362497,1.50208575358438,0.336,0.060514366213997105,-6425
26,2013,Lesotho,1093.95323489272,0.38249664707756603,1.27666067791017,1.3336548975517,0.349,0.048651189949637796,-6659
26,2014,Lesotho,1100.04993684215,0.381496953255837,1.24249146082403,1.26292475360578,0.359,0.053702896100858995,-6877
26,2015,Lesotho,1121.19851342518,0.428918037123102,1.23999511018672,1.2972277308286702,0.368,0.032184451365592996,-7087
27,2000,Liberia,754.850917360951,NA,1.14073226544622,NA,0.006,NA,-2060
27,2001,Liberia,754.422355762017,NA,0.394039735099338,NA,0.006,NA,7142
27,2002,Liberia,762.716393927064,NA,0.38187702265372203,NA,0.005,0.141596470116325,-23110
27,2003,Liberia,528.567395543421,NA,0.372994652406417,NA,0.005,0.10330288123682299,-103564
27,2004,Liberia,535.995882066218,NA,0.49163879598662197,NA,0.005,0.0782908704883235,-1001
27,2005,Liberia,539.665378841936,NA,0.46469968387776606,NA,0.004,0.10834358848141401,101019
27,2006,Liberia,551.377446611852,NA,0.5585344057193921,NA,0.004,0.0734144608278558,77946
27,2007,Liberia,574.609394348543,NA,0.509104151493081,NA,0.004,0.113918966807102,65306
27,2008,Liberia,591.185378141907,NA,0.611239860950174,NA,0.004,0.17489448642993,17404
27,2009,Liberia,603.256211077605,NA,0.39592760180995495,NA,0.004,0.0742764305914919,1187
27,2010,Liberia,621.783295071575,NA,0.466466466466466,NA,0.004,0.07289927968902181,2850
27,2011,Liberia,646.908727016597,NA,0.588407005838199,NA,0.003,0.0848816751849402,91981
27,2012,Liberia,674.360011422232,NA,0.524786019843718,NA,0.003,0.0683178703418543,-25710
27,2013,Liberia,717.007280358975,NA,0.5378953235556829,NA,0.004,0.0757730681741402,-22010
27,2014,Liberia,707.157694930142,NA,0.7567462330096361,NA,0.004,0.0986111285574906,-26690
27,2015,Liberia,692.590082351257,NA,0.610459804212216,NA,0.004,0.0774869687621319,-15182
28,2000,Madagascar,465.529509827021,0.191196684495627,0.414970278192173,0.427771226639725,0.013000000000000001,0.11859684500027999,-4298
28,2001,Madagascar,478.40561494987,0.20070249419803002,0.376218254705897,0.41035126092385904,0.012,0.0791694484529588,-13014
28,2002,Madagascar,406.70122213637,0.218155744053565,0.207971234198286,0.501816919379298,0.012,0.164985255315846,-18209
28,2003,Madagascar,433.601040301214,0.136941628175957,0.338956512570419,0.34030602917475,0.012,-0.017040047961629702,-18345
28,2004,Madagascar,443.278654985967,0.19457306455405798,0.527569804204103,0.487753818852156,0.011000000000000001,0.139558018033211,-13393
28,2005,Madagascar,450.955230911228,0.24319386106876198,0.437085184353862,0.591300849357677,0.011000000000000001,0.183638246468932,-4869
28,2006,Madagascar,461.540337897729,0.274869137812158,0.436073385717307,0.621028389370244,0.011000000000000001,0.107656371554865,-2336
28,2007,Madagascar,473.785462328449,0.277962071422596,0.45433105473761104,0.6670273535700489,0.01,0.102879663187671,-1563
28,2008,Madagascar,490.963935389518,0.277071993998824,0.474679219155529,0.7435735396080599,0.01,0.0929650839381058,-1255
28,2009,Madagascar,457.789754866068,0.20375829835597098,0.442035281822097,0.6241169759581959,0.01,0.08954218023929479,-1429
28,2010,Madagascar,447.417143030687,0.218743805186609,0.373946503467825,0.5787489451018071,0.01,0.0924732173644116,-1979
28,2011,Madagascar,441.755158414121,0.227196386760737,0.389116186773288,0.564830925951893,0.009000000000000001,0.0948254048582995,-2219
28,2012,Madagascar,442.641500123543,0.21780692102948498,0.398135411410451,0.526517140811255,0.01,0.057138443419104804,-2334
28,2013,Madagascar,440.67465890362803,0.232721660778614,0.417191360284329,0.563675817900932,0.01,0.0582642944451986,-2445
28,2014,Madagascar,443.343869908205,0.282819119746319,0.433044673643485,0.619694322111234,0.01,0.060804081108829504,-2522
28,2015,Madagascar,445.320069480568,0.283906461296836,0.427712721521674,0.6122037883650779,0.01,0.0740419174202131,-2594
29,2000,Malawi,418.592985038462,NA,0.359042004628467,NA,0.020499999999999997,0.29581488463168404,-28098
29,2001,Malawi,388.260039763569,NA,0.39831727330369604,NA,0.021,0.22699999999999998,-28933
29,2002,Malawi,385.308980237095,NA,0.218778876495183,NA,0.021,0.147446346101603,-30013
29,2003,Malawi,397.224846758815,NA,0.284166996549215,NA,0.021,0.0957679786919214,-31729
29,2004,Malawi,408.064916052765,NA,0.279516997368978,NA,0.021,0.114298060822124,-32221
29,2005,Malawi,410.267979592536,NA,0.317456758152375,NA,0.021,0.15410344660429598,-31462
29,2006,Malawi,417.877689776503,NA,0.340134900473402,NA,0.021,0.139742943548388,-29450
29,2007,Malawi,445.254305419586,NA,0.35016685602740405,NA,0.022000000000000002,0.079522099086403,-22680
29,2008,Malawi,465.55147298007,NA,0.376180777988343,NA,0.022000000000000002,0.0871260186609043,-9264
29,2009,Malawi,489.631418790158,NA,0.3655983314601,NA,0.023,0.0842204427696655,-8590
29,2010,Malawi,508.088650552846,NA,0.323251933866242,NA,0.023,0.0741159092883827,-9327
29,2011,Malawi,517.833736624232,NA,0.331469146094847,NA,0.024,0.076228226284852,-12170
29,2012,Malawi,512.74031797451,NA,0.448068957274754,NA,0.024,0.21271265001378,-13561
29,2013,Malawi,525.357645516557,NA,0.502516821908823,NA,0.024,0.272833333333333,-12934
29,2014,Malawi,539.562601918057,NA,0.47390585462247103,NA,0.023,0.237920649469687,-10317
29,2015,Malawi,539.605363240686,NA,0.362493550337105,NA,0.023,0.218673475542553,-6471
30,2000,Mali,596.578639012468,0.224785904568103,0.45619006040773,0.5542257543226841,0.006999999999999999,-0.00677661659046769,-17395
30,2001,Mali,667.920530395715,0.263124370675839,0.494473153574103,0.6020080301800089,0.008,0.0518701191944068,-12507
30,2002,Mali,667.601809829487,0.280874538136608,0.461091112183069,0.578292913721816,0.008,0.0503282275711194,-8914
30,2003,Mali,705.686954046396,0.25769340392594403,0.466475694362515,0.586281417028541,0.008,-0.0134672619047621,-11768
30,2004,Mali,693.861121985899,0.171517262563791,0.32896900789492906,0.401303621546819,0.008,-0.0309978128063957,-10796
30,2005,Mali,721.897987084722,0.17650608415674401,0.330217385779919,0.416557421435865,0.009000000000000001,0.0639788293897883,-17413
30,2006,Mali,745.087500057101,0.210595875749583,0.380409989402661,0.454398076879091,0.009000000000000001,0.015435259692758201,-18247
30,2007,Mali,748.926158364864,0.186389931070956,0.363583573461409,0.442077103313541,0.009000000000000001,0.0141200201714577,-19945
30,2008,Mali,772.091975202052,0.20781174123088403,0.443315968030701,0.516061784639021,0.009000000000000001,0.09170988136676779,-24509
30,2009,Mali,781.972286784084,0.168050071243046,0.338306327586877,0.391346822998692,0.009000000000000001,0.0246375188572299,-34383
30,2010,Mali,809.373887616452,0.18506350035000702,0.411017217759218,0.470196635730197,0.009000000000000001,0.0110892690670186,-34483
30,2011,Mali,815.12426700512,0.180882512335202,0.36925631265490205,0.430309525232702,0.009000000000000001,0.029556439522939,-43160
30,2012,Mali,787.149724118126,0.22472592240228897,0.411900178276404,0.491038212559888,0.009000000000000001,0.0532312847064055,-140507
30,2013,Mali,782.702450304467,0.209488181425291,0.38974320746595303,0.545264954580149,0.01,-0.0060673635635149605,-40951
30,2014,Mali,816.004655542979,0.191269574410873,0.394548104409498,0.514954510008387,0.009000000000000001,0.00883814547137851,-50068
30,2015,Mali,838.11986940103,0.202239475938187,0.418207292126883,0.535751760102265,0.009000000000000001,0.014506905760595299,-48872
31,2000,Mauritania,1304.64439067179,0.25517115714084304,0.454616748896232,0.5894037476706679,0.29600000000000004,0.0325406745833358,-2997
31,2001,Mauritania,1262.65567288639,0.25536995080516,0.469627807318046,0.607012124604715,0.312,0.047148963468961,-21067
31,2002,Mauritania,1252.10300454131,0.24773608402842298,0.429361463006149,0.5678552960018061,0.33,0.038957052575849,-18903
31,2003,Mauritania,1308.56307582578,0.19124772175472798,0.419277480165435,0.553180243332438,0.345,0.0515190150769578,-19104
31,2004,Mauritania,1338.66768122804,0.232692575686957,0.5769309670517331,0.752188046787959,0.36,0.10367623347307299,-19042
31,2005,Mauritania,1418.53202144135,0.267532470536875,0.6992460309264349,0.882350995596491,0.371,0.121256487185541,-18693
31,2006,Mauritania,1637.04191255803,0.42364103327396696,0.6464982867152921,0.8278850121303231,0.384,0.062410332814281995,-18033
31,2007,Mauritania,1563.60628765192,0.405231617982886,0.664026458960321,0.860640556779132,0.392,0.07254108413048871,-17048
31,2008,Mauritania,1514.2655013629,0.41602850478451103,0.716228749371578,0.941202110004251,0.401,0.0734663541249786,-3860
31,2009,Mauritania,1469.05426880813,0.37245748302912296,0.607051012332383,0.820086176018151,0.409,0.022209203238177898,-1481
31,2010,Mauritania,1460.19179652873,0.45739348112711603,0.7122199897849729,0.934207451334608,0.415,0.0628354087427704,1128
31,2011,Mauritania,1472.55245572229,0.501828096997874,0.771069775888088,0.98485329604158,0.418,0.056863195957595696,3272
31,2012,Mauritania,1488.97177557214,0.482613552096143,0.8575833688361609,1.10788122743421,0.426,0.0490242727217992,4515
31,2013,Mauritania,1502.90142381083,0.455485992122422,0.891725958865353,1.02398824183169,0.429,0.041291017378339595,-2987
31,2014,Mauritania,1520.64621634902,0.373892007219428,0.877052235627536,0.91610371363604,0.435,0.0353436856147326,-2980
31,2015,Mauritania,1554.94897871782,0.301951447553349,0.897538861360919,0.773467864944966,0.442,0.0325472688117632,-3019
32,2000,Mauritius,5671.0295504201,0.602825628484701,0.7723055671300451,1.20687648773646,0.9279999999999999,0.0419928825622807,-2326
32,2001,Mauritius,5814.74834570012,0.670837948469199,0.773137029111595,1.2805457898019,0.9359999999999999,0.0538934426229508,-3225
32,2002,Mauritius,5867.77362995049,0.607898676078676,0.807093578169044,1.18230470380251,0.9440000000000001,0.06419333722211501,-3150
32,2003,Mauritius,6170.64876733851,0.552631863215924,0.722831405388595,1.08655579313428,0.95,0.0392105357558187,-3141
32,2004,Mauritius,6397.59346169031,0.5261472025578849,0.714519393058784,1.07027698267505,0.9570000000000001,0.0471037060105884,-3001
32,2005,Mauritius,6472.87388554741,0.582403213454801,0.805947779348859,1.2160874399683599,0.96,0.0493717004981794,-2840
32,2006,Mauritius,6756.22955969517,0.5844393592677349,0.8473695295553461,1.27062861757975,0.9640000000000001,0.0891350105650142,-2757
32,2007,Mauritius,7110.69493851624,0.558674978743079,0.7523787712598591,1.20876451250142,0.968,0.0882729272393294,-2642
32,2008,Mauritius,7466.69465771689,0.510705214350546,0.704179062845202,1.15489315893532,0.971,0.0973228317146887,-2589
32,2009,Mauritius,7693.76434353874,0.47677168592933805,0.621327361219649,1.0442972895159,0.9740000000000001,0.025160912814511202,-2467
32,2010,Mauritius,8011.45517219702,0.512376727919807,0.6644560987410579,1.13457073552476,0.976,0.0293236301369857,-2624
32,2011,Mauritius,8324.78328337964,0.524441473837658,0.669710290128143,1.17538946368786,0.978,0.065224925486934,-2465
32,2012,Mauritius,8591.96715947096,0.537921652730405,0.685852106170361,1.19500119779606,0.981,0.0385216033315982,-3663
32,2013,Mauritius,8859.2121832294,0.525729244775589,0.6724166100829071,1.13308833075877,0.983,0.0354329573934838,-3617
32,2014,Mauritius,9181.61575362564,0.5252465961119119,0.6657421971420079,1.10589707531641,0.9840000000000001,0.0321769191994685,-3691
32,2015,Mauritius,9507.87133656424,0.514978524051162,0.620622917498147,1.07145979436304,0.985,0.012865497076023101,-3645
33,2000,Morocco,1957.14135742188,0.241968278897887,0.440890792419739,0.534403058388785,0.898,0.018946345676346402,-67569
33,2001,Morocco,2078.96606445313,0.253955453600676,0.414816016111383,0.534915710187871,0.909,0.00619801875297975,-63967
33,2002,Morocco,2127.50708007813,0.259443798115524,0.418737802403918,0.5431012791421,0.917,0.027956196693693598,-67802
33,2003,Morocco,2229.576171875,0.24676486583266002,0.39683357991387097,0.523318582669923,0.925,0.0116773367477592,-84460
33,2004,Morocco,2301.08178710938,0.253492055058078,0.419683258563202,0.555516384744536,0.932,0.0149344403381774,-66749
33,2005,Morocco,2342.15478515625,0.279958996339897,0.46447008578966,0.614938276863235,0.9390000000000001,0.00982641660015951,-59024
33,2006,Morocco,2489.99291992188,0.296289667970785,0.483950312498111,0.646721977787154,0.946,0.0328476166954811,-72364
33,2007,Morocco,2540.615234375,0.314277738089785,0.544578911788877,0.7134964677966571,0.951,0.020420851267334398,-73759
33,2008,Morocco,2648.58569335938,0.324722234084439,0.61588302552952,0.778344716425602,0.9570000000000001,0.0371484311494064,-78912
33,2009,Morocco,2710.66650390625,0.257171775388093,0.463991124114551,0.623709560152269,0.9620000000000001,0.00971862998667637,-82203
33,2010,Morocco,2767.04223632813,0.297889486802284,0.5269600592936761,0.69541979610144,0.966,0.00993557401226421,-70510
33,2011,Morocco,2879.53930664063,0.319544842646976,0.59888828036373,0.7682587149062471,0.9690000000000001,0.00906924909691798,-67447
33,2012,Morocco,2927.45043945313,0.320970961451136,0.620157258062279,0.782221018956072,0.972,0.0128712240079214,-65251
33,2013,Morocco,3008.185546875,0.302532656391617,0.580286967060424,0.738577565315318,0.977,0.0188065466724084,-67096
33,2014,Morocco,3051.458984375,0.30132986637429204,0.5892932440341739,0.718935667539398,0.977,0.00442310053557046,-72065
33,2015,Morocco,3146.24780273438,0.299958538899695,0.5473408844775021,0.6728867592538489,0.9790000000000001,0.015579071134626801,-81248
34,2000,Mozambique,287.390630344484,0.11285685191384699,0.256631391639045,0.479208808015891,0.021,NA,-104476
34,2001,Mozambique,317.185703581034,0.18739782279828499,0.312557848693378,0.504153095777265,0.021,NA,-105130
34,2002,Mozambique,340.13537022259,0.214699466720227,0.39541105213743,0.73309162757423,0.022000000000000002,NA,-103102
34,2003,Mozambique,356.521157404125,0.228118539424611,0.425000164691853,0.701683599479183,0.023,NA,-99484
34,2004,Mozambique,377.064958084878,0.26374613414071196,0.445871998307079,0.7205200016123741,0.024,NA,-100824
34,2005,Mozambique,391.699758163976,0.278677637269046,0.472571199687241,0.720092609780982,0.024,0.0642755278070086,-95770
34,2006,Mozambique,420.526462764726,0.280396818491761,0.55206002034529,0.6734989768726891,0.026000000000000002,0.132450879070999,-95333
34,2007,Mozambique,442.049574057751,0.283208398689763,0.505204849096999,0.6612038218405161,0.026000000000000002,0.08489486754974561,-100490
34,2008,Mozambique,460.94729485679,0.273462655617765,0.515543670110737,0.64981416499828,0.027999999999999997,0.145028053002268,-102534
34,2009,Mozambique,475.788178051193,0.279834214693156,0.481983913039912,0.67898572768141,0.028999999999999998,0.0378861330914625,-100625
34,2010,Mozambique,494.162859074785,0.293682327373567,0.6659717938080191,0.7383735326818921,0.031,0.124255421735156,-97079
34,2011,Mozambique,514.869957191994,0.313789002672832,0.678282378315058,0.844062119333019,0.033,0.111666056127874,-63638
34,2012,Mozambique,540.2945177803,0.300174391521977,0.7516727109907759,1.0593458806051101,0.034,0.026024545695661996,-63131
34,2013,Mozambique,559.393953685688,0.279938072708211,0.821196651103245,1.0938537659913,0.035,0.0426135250941966,-57067
34,2014,Mozambique,585.266716133984,0.327890372970921,0.7324407270175971,1.16356855242217,0.037000000000000005,0.0255974875844295,-53625
34,2015,Mozambique,610.563774706589,0.32572293532840196,0.724721470360021,0.987612036510901,0.039,0.0355075967356746,-52374
35,2000,Namibia,3083.59657884697,0.40736150559887,0.731726190441639,0.851322442947268,0.33799999999999997,NA,5709
35,2001,Namibia,3055.40444831936,0.410559430255954,0.7663026499648941,0.885841018380245,0.344,NA,2869
35,2002,Namibia,3145.94566281247,0.461689000685777,0.7589940587577649,0.944152228948906,0.35100000000000003,NA,-1913
35,2003,Namibia,3232.30589658857,0.43429444083833196,0.658081780291254,0.959524743817213,0.358,0.071361531145863,-6153
35,2004,Namibia,3582.89503259701,0.39797940206821003,0.638957236820755,0.818622605916543,0.365,0.0413663213144748,-7192
35,2005,Namibia,3627.75059772278,0.404085763351911,0.641109228487606,0.806803802939816,0.37200000000000005,0.0228194607024307,-8195
35,2006,Namibia,3834.99894666178,0.45366833548412105,0.69122124206297,0.868339693259998,0.379,0.049611668929891495,-8792
35,2007,Namibia,3987.61796106565,0.498552010266907,0.728771244679037,1.04979303758915,0.386,0.0654788141101718,-8905
35,2008,Namibia,4036.38187484707,0.536534356342124,0.869132679380304,1.19644498184785,0.3945,0.0909464307192809,-8775
35,2009,Namibia,3989.20711387651,0.515631748119652,0.909065769681208,1.23762844292976,0.39899999999999997,0.09451726515217039,-8626
35,2010,Namibia,4165.12990200988,0.482819544785637,0.8394413259258541,1.08072477173606,0.40700000000000003,0.0487491987643953,-8518
35,2011,Namibia,4302.72451368462,0.455397819208328,0.87835856282961,1.02189147754138,0.413,0.050055951808119704,-4067
35,2012,Namibia,4420.96741373862,0.40058338011921996,0.892880857921309,1.002134087743,0.423,0.06721997773348849,10957
35,2013,Namibia,4549.26759093897,0.375019849152538,1.0171624553057002,0.977249042303832,0.428,0.056009250229040505,10748
35,2014,Namibia,4701.95694189098,0.39017085209178,1.05625611465162,1.03080137009254,0.435,0.0535016966859598,11134
35,2015,Namibia,4774.10650865775,0.353708484097637,1.03783262657978,0.972390317873478,0.442,0.0339401538410559,12755
36,2000,Niger,392.898616941042,0.143397037015635,0.302441857638067,0.34712780704360396,0.008,0.0290014973599108,-8522
36,2001,Niger,406.923493665264,0.134558135151968,0.279330213067341,0.330136670843015,0.009000000000000001,0.040055142835267794,-8654
36,2002,Niger,412.123793192578,0.119188080478994,0.268493247080896,0.308343857497549,0.009000000000000001,0.026288659793813597,-9550
36,2003,Niger,406.333757497876,0.132742280973529,0.286969853956441,0.333827931416238,0.009000000000000001,-0.0161440769175596,-8841
36,2004,Niger,393.398781453199,0.142585696095611,0.305283120856268,0.369641044464896,0.009000000000000001,0.00262543757292838,-9070
36,2005,Niger,407.190931059924,0.14411416011146,0.34562874596303095,0.383477418070736,0.009000000000000001,0.077974978178644,-9700
36,2006,Niger,415.852022114801,0.138704426231817,0.316418354313851,0.36531373184242905,0.01,4.04858299595074e-4,-10054
36,2007,Niger,413.419126261066,0.130665385476229,0.32818719459319196,0.355028028471007,0.011000000000000001,5.39592607581562e-4,-10069
36,2008,Niger,429.195542798877,0.131805095968022,0.357103694268342,0.397112440540383,0.011000000000000001,0.11305109882701901,-9847
36,2009,Niger,421.650901333136,0.14977850620896999,0.44395289780513303,0.495122567031625,0.012,0.00582906590801122,-9014
36,2010,Niger,441.079166112039,0.16184414598201902,0.461840669291134,0.519459863027627,0.012,0.00804073080882659,-8033
36,2011,Niger,434.986264873953,0.152895554371407,0.46096234920605705,0.502463951569345,0.013999999999999999,0.0294238514013314,-6941
36,2012,Niger,463.066265496402,0.16100577071953498,0.407768708982603,0.4508596447308,0.015,0.00455089820359304,18714
36,2013,Niger,469.690214200878,0.169790336020885,0.403524829962656,0.462951491493291,0.017,0.0229723114955315,-2543
36,2014,Niger,482.74524741946,0.15945862927874999,0.387187872526548,0.457416008365932,0.02,-0.009302872599844591,3891
36,2015,Niger,485.662574175279,0.142683699619368,0.369377197951309,0.44727430371186006,0.022000000000000002,-0.0057609036983312205,17051
37,2000,Nigeria,1421.67987952013,NA,0.42931005930057503,NA,0.009000000000000001,0.0693329215565161,74535
37,2001,Nigeria,1465.45720342309,NA,0.40282585750237,NA,0.009000000000000001,0.18873646209386202,64163
37,2002,Nigeria,1644.39518877632,NA,0.268499843007496,NA,0.009000000000000001,0.128765792031099,69594
37,2003,Nigeria,1717.2145111176,NA,0.333056600049661,NA,0.009000000000000001,0.140317836131437,33857
37,2004,Nigeria,1824.80269456773,NA,0.38887124336393597,NA,0.01,0.149980338183251,46370
37,2005,Nigeria,1889.25175325817,NA,0.405423629082709,NA,0.01,0.17863493366160502,-17146
37,2006,Nigeria,1949.15856804565,NA,0.357505613280438,NA,0.011000000000000001,0.08225221520170489,-12093
37,2007,Nigeria,2020.83316299454,NA,0.36453565482343797,NA,0.012,0.053880079685862795,-9162
37,2008,Nigeria,2098.28339220667,NA,0.401279881768683,NA,0.013999999999999999,0.115810751748252,-13646
37,2009,Nigeria,2204.6072560373,NA,0.307272152994775,NA,0.015,0.125378277304689,-18422
37,2010,Nigeria,2315.46676509662,NA,0.34942329285647405,NA,0.018000000000000002,0.137400521363694,47966
37,2011,Nigeria,2370.97657091803,NA,0.41499114311201196,NA,0.021,0.108261371880017,67808
37,2012,Nigeria,2403.65387896923,NA,0.357134375825485,NA,0.025,0.122242413020584,71138
37,2013,Nigeria,2495.34106573748,NA,0.28177304182021,NA,0.032,0.0849551838265672,40201
37,2014,Nigeria,2583.6155695814,NA,0.281094677845022,NA,0.040999999999999995,0.0804741087967908,-19376
37,2015,Nigeria,2585.73360671797,NA,0.192516963708397,NA,0.055,0.0900943498007703,-116162
38,2000,Rwanda,333.355090374626,0.0537717849178342,0.127124578313837,0.274848638250445,0.001,0.0389952980284712,-153588
38,2001,Rwanda,358.446058940421,0.0726898430311878,0.186616427578685,0.291989094376925,0.001,0.0334285506749409,-152197
38,2002,Rwanda,400.270421542931,0.06180679697069379,0.15920622980396598,0.276094381162173,0.001,0.019925854245399298,-91518
38,2003,Rwanda,400.191620926691,0.0777665392566841,0.150591332029349,0.293106242354101,0.001,0.0744970014007366,-25355
38,2004,Rwanda,418.780997568334,0.103935220427215,0.160740850911778,0.33461673103087103,0.001,0.122507102894391,-31214
38,2005,Rwanda,446.029809946207,0.106879847934518,0.203148130253661,0.34216538341865205,0.001,0.0901408918092339,-33830
38,2006,Rwanda,474.364599792791,0.10883416595342901,0.22230358367822098,0.33221437072405896,0.001,0.0888282654777923,-34008
38,2007,Rwanda,497.17162247587,0.13667823882771202,0.23289477002459003,0.359709731972278,0.002,0.0908072205873159,-32537
38,2008,Rwanda,538.325372439502,0.112727549070714,0.278386221315217,0.37604510854805495,0.002,0.154382138709255,-31913
38,2009,Rwanda,557.397805246373,0.10367482812293,0.271919334312568,0.368056280084816,0.002,0.12944397840171099,-30128
38,2010,Rwanda,583.371416824681,0.107427647311274,0.28213365813262703,0.37278879092335104,0.003,-0.00246128693436924,-29501
38,2011,Rwanda,614.539650549868,0.126588705752209,0.36354849520196403,0.3971610247751,0.003,0.0308017069240263,-27915
38,2012,Rwanda,651.852819118597,0.119942781520571,0.377673448329374,0.40540862998719296,0.004,0.102710182318876,-25260
38,2013,Rwanda,666.408789246049,0.134925358045666,0.38427286758947404,0.426934924295362,0.005,0.0592426867984847,-16779
38,2014,Rwanda,690.61039542404,0.138686615802081,0.387548626085777,0.43902733691075,0.006999999999999999,0.0235449052820362,-19505
38,2015,Rwanda,733.998630392314,0.132317868359616,0.35862429729041095,0.452019756159103,0.009000000000000001,0.0252850284192419,-21862
39,2000,Sao Tome and Principe,959.938180991352,NA,0.433079989123639,NA,0.003,0.122089456308977,-2798
39,2001,Sao Tome and Principe,973.424252100436,NA,0.40815717450587996,NA,0.003,0.0922203707560889,-1289
39,2002,Sao Tome and Principe,982.32906557627,NA,0.422678714274198,NA,0.004,0.10128724672229,-690
39,2003,Sao Tome and Principe,1036.86196260207,NA,0.470192862454404,NA,0.004,0.0979241974934509,-816
39,2004,Sao Tome and Principe,1047.05796134884,NA,0.401458222228921,NA,0.005,0.132858860871796,-894
39,2005,Sao Tome and Principe,1089.14778798762,NA,0.41773340635633305,NA,0.006,0.171522049354354,-941
39,2006,Sao Tome and Principe,1157.0861446542,NA,0.553317754577402,NA,0.006,0.230770373451381,-1031
39,2007,Sao Tome and Principe,1170.51612474435,NA,0.576612649063359,NA,0.006999999999999999,0.185485136325779,-1127
39,2008,Sao Tome and Principe,1214.14114724792,NA,0.6648187718534391,NA,0.009000000000000001,0.319901039492573,-1203
39,2009,Sao Tome and Principe,1225.60541902997,NA,0.553152291484135,NA,0.01,0.16957475802594502,-1328
39,2010,Sao Tome and Principe,1216.3502521663,NA,0.647296222008359,NA,0.011000000000000001,0.13340052353780002,-1529
39,2011,Sao Tome and Principe,1214.96130276731,NA,0.6403038096047751,NA,0.013000000000000001,0.143271667616801,-1616
39,2012,Sao Tome and Principe,1225.6945255615,NA,0.623443168122665,NA,0.015,0.10637935343162801,-1739
39,2013,Sao Tome and Principe,1263.70423995281,NA,0.617880917469203,NA,0.017,0.0810583270875473,-1787
39,2014,Sao Tome and Principe,1301.32146445028,NA,0.637965838493647,NA,0.019,0.069984994396642,-1801
39,2015,Sao Tome and Principe,1298.10946596396,NA,0.588462346358352,NA,0.021,0.0524587835022454,-1809
40,2000,Senegal,1048.37474052363,0.177641495981977,0.405608674668683,0.48680089723263004,0.349,0.00731981981981597,-42854
40,2001,Senegal,1067.36886550595,0.177006801043602,0.419955987092803,0.497205780648314,0.36,0.029745008391956703,-41422
40,2002,Senegal,1042.25509944289,0.196168800518197,0.431747973060194,0.531442994641329,0.37,0.0233730187454299,-40554
40,2003,Senegal,1074.38578467686,0.182180266837333,0.416024157423031,0.508212198933376,0.38,-5.19970242714473e-4,-57213
40,2004,Senegal,1098.20064546027,0.19101662875790001,0.43148547243130303,0.536592031275529,0.384,0.0051478178102302196,-59879
40,2005,Senegal,1119.0505307548,0.19806637570701302,0.461075899952054,0.549032435689485,0.385,0.0171133325855502,-61781
40,2006,Senegal,1118.7830430051,0.19252084644369,0.450080081825584,0.541362378092613,0.382,0.021122858387711697,-64254
40,2007,Senegal,1123.99862153285,0.205543882272223,0.46769314347258,0.592713043549794,0.377,0.0585330428467681,-66580
40,2008,Senegal,1138.66883930214,0.208463012615706,0.516079586626956,0.627617698176319,0.365,0.073472023657841,-67812
40,2009,Senegal,1142.65317233964,0.193938665528849,0.416824924526906,0.523072908773365,0.35200000000000004,-0.0224802147855343,-69239
40,2010,Senegal,1153.53431121583,0.199812388274952,0.43067203937684295,0.524578551962948,0.336,0.0122868119673345,-69888
40,2011,Senegal,1139.74447892639,0.21303548885652,0.474394602169164,0.5757687859895779,0.319,0.0340322829786969,-43350
40,2012,Senegal,1154.05677992367,0.22474374421573798,0.50767599733645,0.619753040040375,0.307,0.0141822871177852,-42978
40,2013,Senegal,1147.3859217191,0.22349742309905898,0.486979322961687,0.606267663596737,0.29,0.0071024548669519705,34878
40,2014,Senegal,1180.7987108505,0.217782967413225,0.470014693102503,0.584425289760992,0.282,-0.0109025507446892,36030
40,2015,Senegal,1218.00613555438,0.22677194501672399,0.461721953389446,0.5811033767420171,0.275,0.0013521193363518998,34387
41,2000,Seychelles,11703.7535246117,0.743224695850101,0.819305786153363,1.51302447835167,1,0.0626876876876878,461
41,2001,Seychelles,11427.9413083015,0.825137647126717,1.04521592629898,1.79884914877473,1,0.0596962204168156,509
41,2002,Seychelles,11218.2606464315,0.766793001313966,0.873156692353733,1.5692988955729998,1,0.00174999999999924,425
41,2003,Seychelles,10677.9692081272,0.87528383299959,0.913634588369341,1.6884423503421602,1,0.0330255386407089,316
41,2004,Seychelles,10412.0868936027,0.72881704642054,0.8824067397469391,1.4954093675029,1,0.0385730391367399,317
41,2005,Seychelles,11297.3118190493,0.77107535101306,1.03793909564892,1.71101735954764,1,0.00907187718073944,214
41,2006,Seychelles,12105.4475265558,0.830810386236547,1.05137469554663,1.7756693551462002,1,-0.00353465498693756,264
41,2007,Seychelles,13112.8210098816,0.8684372632585919,1.13152327758917,1.74928462798259,1,0.0532060027285142,173
41,2008,Seychelles,12473.2921769121,0.9813541038965251,1.54859538095664,2.08842968505327,1,0.36964758287528904,105
41,2009,Seychelles,12116.3783687977,1.05386908585995,1.39734132765493,2.21933825358009,1,0.317544407744178,105
41,2010,Seychelles,12313.5566919249,0.913669510520251,1.4099191897449799,1.9816269242432798,1,-0.0240463875108223,740
41,2011,Seychelles,13843.7116081878,0.9796075687816299,1.44675883946024,2.10075382747992,1,0.0255926772230949,1551
41,2012,Seychelles,14135.0010570653,1.03047226902883,1.43931404161332,2.2217825485314098,1,0.07110370623264049,1538
41,2013,Seychelles,14050.3135581314,0.9470303168152969,1.24516149054854,1.96517733268793,1,0.0433893848329103,1717
41,2014,Seychelles,14395.6158118771,0.99180749158294,1.21362558189326,2.13354469426486,1,0.013858345458126,1742
41,2015,Seychelles,15333.1051727105,0.900846282601248,0.981567096942218,1.87475012467679,1,0.040419441072562005,1719
42,2000,Sierra Leone,727.240913361187,0.18134843555496802,0.254770497447215,0.575299628959222,0,NA,83013
42,2001,Sierra Leone,642.036644925852,0.0795364592729252,0.12548514775174702,0.35938160340014297,0.001,NA,227791
42,2002,Sierra Leone,766.788692402944,0.0866771562023483,0.161852133577218,0.38916912052207697,0.001,NA,86578
42,2003,Sierra Leone,806.066488798349,0.140852363515578,0.184353903277387,0.464464372960676,0.002,NA,69185
42,2004,Sierra Leone,829.759769213077,0.166816643842084,0.189956810249241,0.46171999401822705,0.002,NA,23897
42,2005,Sierra Leone,842.906031896422,0.17826181368231603,0.197621057929947,0.47547983454798803,0.002,NA,-1805
42,2006,Sierra Leone,859.824260714965,0.0951102626792313,0.18996858817929,0.220888664739674,0.003,NA,-34052
42,2007,Sierra Leone,872.68836234614,0.0904770766383076,0.189927897271366,0.218067992689239,0.003,0.116499744518106,-6042
42,2008,Sierra Leone,882.54147817868,0.0776348967742327,0.18037972248254,0.212566155636984,0.003,0.0821112432289608,1182
42,2009,Sierra Leone,872.23959352481,0.0800861843749307,0.189962920884399,0.230753395976546,0.004,0.07469018985409831,18145
42,2010,Sierra Leone,902.769891411394,0.09892309816130179,0.260626453246064,0.279541259241389,0.004,0.0718566275668162,7983
42,2011,Sierra Leone,950.760763054593,0.09593641779435699,0.425165792858116,0.43780796933261895,0.004,0.0679138291952617,6895
42,2012,Sierra Leone,1025.04366004502,0.205918333350969,0.44385347134108,0.5338134471393979,0.005,0.0658776239392586,988
42,2013,Sierra Leone,1146.81973456475,0.189386089631519,0.49275181258447504,0.533627646114117,0.005,0.0552412877994273,2773
42,2014,Sierra Leone,1032.23789355905,0.20214390714983602,0.40592553489801503,0.511187772788807,0.005,0.0463931171409662,485
42,2015,Sierra Leone,964.575980888989,0.104849570007466,0.30080934323619,0.364823958242319,0.006,0.0668943562498678,-356
43,2000,"Somalia, Fed. Rep.",233.032393086367,NA,0.09962501582974509,NA,0.004,NA,53580
43,2001,"Somalia, Fed. Rep.",239.839074088085,NA,0.127838215642412,NA,0.004,NA,40274
43,2002,"Somalia, Fed. Rep.",248.63645400073,NA,0.16691870672379402,NA,0.004,NA,12603
43,2003,"Somalia, Fed. Rep.",257.910337235939,NA,0.138892592712826,NA,0.005,NA,33174
43,2004,"Somalia, Fed. Rep.",266.257271856728,NA,0.123847261394333,NA,0.005,NA,17353
43,2005,"Somalia, Fed. Rep.",275.457040797985,NA,0.122991605426974,NA,0.0055000000000000005,NA,-5955
43,2006,"Somalia, Fed. Rep.",284.470789865218,NA,0.167305142278576,NA,0.006,NA,-67200
43,2007,"Somalia, Fed. Rep.",294.210404466723,NA,0.129817190740415,NA,0.006999999999999999,NA,8476
43,2008,"Somalia, Fed. Rep.",304.741448811017,NA,0.17654160197813698,NA,0.008,NA,-102035
43,2009,"Somalia, Fed. Rep.",317.038184814601,NA,0.348640676672891,NA,0.009000000000000001,NA,-101795
43,2010,"Somalia, Fed. Rep.",329.970504936986,NA,0.52905584293131,NA,0.011000000000000001,NA,-88448
43,2011,"Somalia, Fed. Rep.",349.57744907769103,NA,0.6727460202302311,NA,0.012,NA,-326192
43,2012,"Somalia, Fed. Rep.",369.617204753385,0.195524000374862,0.483885361912902,0.8857364607822881,0.013999999999999999,NA,-51833
43,2013,"Somalia, Fed. Rep.",397.108796344858,0.18617868922697903,0.48924707226009195,0.833409991258378,0.016,NA,20723
43,2014,"Somalia, Fed. Rep.",417.516796906395,0.191628937165159,0.472383236552528,0.817010414559322,0.017,NA,6065
43,2015,"Somalia, Fed. Rep.",445.583080073396,0.16871568831098302,0.460977124237816,0.764793322385239,0.02,NA,-17178
44,2000,South Africa,4700.87555500704,0.24404303310691902,0.393258093593174,0.462207217354077,0.56,0.053389591359982704,-136794
44,2001,South Africa,4786.482450463,0.263566606345688,0.424618178741827,0.49170945185828996,0.58,0.0570189483049609,-60793
44,2002,South Africa,4916.81498068625,0.28431167217680203,0.456976656372092,0.534655016294369,0.6,0.09494713780995999,50313
44,2003,South Africa,5011.62223150169,0.239152733614034,0.38691706598174397,0.45723862568979,0.623,0.05679424140688,65604
44,2004,South Africa,5187.35683424034,0.227575187856654,0.389403087458731,0.456435752240041,0.645,-0.006920394378576889,58924
44,2005,South Africa,5406.07581377638,0.23599764491543598,0.39440266398414603,0.47427781397032903,0.667,0.0206285308223427,31286
44,2006,South Africa,5650.9883176549,0.26098249881712,0.450505485275933,0.537681412741145,0.69,0.0324390765419229,33159
44,2007,South Africa,5891.42069421698,0.27958964394702,0.47506715953555895,0.5712513913774699,0.7120000000000001,0.061778121480938794,36339
44,2008,South Africa,6009.71963138635,0.322546736710677,0.577045119797555,0.659745237996233,0.733,0.0990998456005467,36869
44,2009,South Africa,5847.05811084505,0.24982746488323698,0.41161282361052204,0.49587535327880095,0.753,0.0723809523809527,41528
44,2010,South Africa,5953.94506512821,0.257834176267221,0.450882394973185,0.504060871625999,0.7709999999999999,0.0406749555950264,68563
44,2011,South Africa,6067.12482726885,0.276981484703752,0.50904682923344,0.546363504358971,0.787,0.0500085338795019,65166
44,2012,South Africa,6121.55783860713,0.271391491937679,0.522006711467653,0.555826171933345,0.8,0.057379713914173694,264091
44,2013,South Africa,6170.87670863373,0.28379280320361,0.5549782044141061,0.58875027630051,0.8140000000000001,0.057801691006917705,232230
44,2014,South Africa,6155.00589462516,0.290006193033471,0.5639917036644799,0.594995740550593,0.828,0.0613282953059149,272697
44,2015,South Africa,6112.27382485974,0.277136384124829,0.535470889802255,0.5672667614471559,0.838,0.045186909489251,641150
45,2000,Sudan,1111.11865234375,0.159845570577283,0.274122378806581,0.294042344599492,0.07,0.0712125897172302,-165030
45,2001,Sudan,1150.17626953125,0.09560517861946799,0.232687440538349,0.202933456223411,0.086,0.0193529572095322,-173745
45,2002,Sudan,1185.21533203125,0.114095829536873,0.242320609188634,0.256255617213052,0.107,0.222247241495905,-180603
45,2003,Sudan,1226.42077636719,0.12252534118264799,0.253988489566759,0.264402280670553,0.126,0.0648943208673347,-281001
45,2004,Sudan,1255.67114257813,0.14300391937677,0.294715824630135,0.304323376195052,0.15,0.0965754628605947,-185392
45,2005,Sudan,1290.24438476563,0.14458821843369,0.329167347984958,0.358715914021946,0.177,0.08505850759331061,-199378
45,2006,Sudan,1336.1240234375,0.150949253001601,0.303354786907623,0.362025936172703,0.205,0.071991299011471,-211387
45,2007,Sudan,1372.10961914063,0.169005341241689,0.297004685165305,0.344033361615632,0.23600000000000002,0.147542770780085,-201769
45,2008,Sudan,1381.62561035156,0.20265431625962202,0.32426346155122504,0.367410978273835,0.26,0.142971224481435,-73188
45,2009,Sudan,1301.34729003906,0.145541979940253,0.34768765957648595,0.327808783344833,0.295,0.11256758706300801,-80159
45,2010,Sudan,1311.22314453125,0.174756063457453,0.363770635659823,0.32728309950034995,0.32799999999999996,0.12977666389801398,-339466
45,2011,Sudan,1693.817554988735,0.124787060282521,0.353135332035379,0.27512339023518,0.358,0.180966171221351,-347024
45,2012,Sudan,1238.8391750640476,0.0685645263673087,0.353307689431937,0.21856174524730101,0.39,0.355590574147027,-232196
45,2013,Sudan,1256.4749073736414,0.0950689116839014,0.34185556476622603,0.268585245020134,0.419,0.365223449139153,-194001
45,2014,Sudan,1282.635214211184,0.0760891112283276,0.273866931462389,0.208451090041313,0.451,0.369066427863594,92504
45,2015,Sudan,1246.2757061565662,0.0642291092918573,0.245095581558141,0.18378272854654099,0.48,0.169095706050979,66476
46,2000,Tanzania,555.348083496094,0.10812805197321901,0.168863246435317,0.239891151549808,0.006999999999999999,0.0592396109637479,-9701
46,2001,Tanzania,573.400146484375,0.13837039970742,0.18895619915483303,0.280301432282533,0.006999999999999999,0.0514746800222618,-125375
46,2002,Tanzania,598.421569824219,0.142816416273557,0.18684112103321301,0.274992172734904,0.006999999999999999,0.0531783366118203,-118047
46,2003,Tanzania,621.720703125,0.150931227613293,0.219636636729104,0.304488358249326,0.006999999999999999,0.05303566215097819,-127101
46,2004,Tanzania,650.516540527344,0.160455833088341,0.252203217417861,0.33609786736665,0.008,0.047358014394905806,-126490
46,2005,Tanzania,680.051208496094,0.16983367056451398,0.269959034025125,0.369592732894013,0.008,0.0503457009267163,-128251
46,2006,Tanzania,704.502746582031,0.184149914479089,0.328197959983962,0.427681664691467,0.009000000000000001,0.0725097262082546,-128231
46,2007,Tanzania,731.52001953125,0.198306255869655,0.341987707946681,0.480583947796554,0.01,0.0702551436974771,-126793
46,2008,Tanzania,752.540466308594,0.194646113550857,0.38729315769860895,0.49026544551086504,0.011000000000000001,0.10278393762113501,-184816
46,2009,Tanzania,772.929565429688,0.18194265831426498,0.319483563232986,0.435326006456317,0.012,0.121422278742988,-324478
46,2010,Tanzania,801.29931640625,0.196075287366869,0.372506165876204,0.47640439429568304,0.013999999999999999,0.0620015595647403,-122020
46,2011,Tanzania,838.999267578125,0.216342823266739,0.448219326717501,0.561661241821809,0.016,0.126909694699163,-84546
46,2012,Tanzania,851.910705566406,0.22372111684507,0.414144682892558,0.543689490815138,0.019,0.16001093850633802,-49875
46,2013,Tanzania,882.8115234375,0.19012787601366601,0.36474078445420505,0.486316275295495,0.022000000000000002,0.0787072364573955,1241
46,2014,Tanzania,913.811218261719,0.180692092760813,0.33250827123224497,0.453560223433065,0.027000000000000003,0.0613161432988011,-21083
46,2015,Tanzania,939.127319335938,0.171049115530965,0.32950239212995003,0.407576808778314,0.032,0.055881695295930296,201495
47,2000,Togo,679.533367700848,0.201566604038007,0.439044330543454,0.488080041114183,0.003,0.0186260595463068,4715
47,2001,Togo,667.298281784325,0.20509525893000902,0.434679042831847,0.5139415206503071,0.004,0.0391959133653147,-1703
47,2002,Togo,675.440744386282,0.214381414951577,0.42237175698025503,0.51609565282441,0.005,0.0305981857535883,-5973
47,2003,Togo,702.799200216835,0.23229600731553798,0.45950713811327903,0.55389978417259,0.006999999999999999,-0.009300008840722131,-2793
47,2004,Togo,678.287546160331,0.235743613846765,0.464036176638651,0.578710938708872,0.009000000000000001,0.00393078681031663,-1005
47,2005,Togo,630.248628319525,0.25182638588990097,0.533844763492157,0.6145428001284811,0.011000000000000001,0.0678292893028314,-4437
47,2006,Togo,629.079855938738,0.250476964469213,0.5164250691972849,0.616128604620733,0.015,0.0222897779414027,21724
47,2007,Togo,603.837896358253,0.23944959575617697,0.50904729932908,0.609274783294209,0.018000000000000002,0.00945673271705219,4813
47,2008,Togo,610.405655722251,0.24630048830491,0.5158500882146599,0.614424800630784,0.023,0.0869482814363902,14303
47,2009,Togo,625.711836727455,0.25150193829566897,0.510812310357357,0.61333407315669,0.027999999999999997,0.0371360592035808,-1985
47,2010,Togo,644.563730311597,0.26962985729022004,0.560215292538354,0.658567920612471,0.033,0.014459451743086599,-1964
47,2011,Togo,663.963778088896,0.306285268529022,0.620753508600162,0.7665527426193419,0.039,0.0356351472903955,-1968
47,2012,Togo,687.495795744285,0.32081966197719,0.6823625245720809,0.7461109770170801,0.045,0.0257718174055851,-1983
47,2013,Togo,709.092304171157,0.331730464993132,0.712585565683506,0.8099058864550631,0.053,0.0182539475909158,-1976
47,2014,Togo,730.291525419946,0.283375647623348,0.602191200614456,0.699237466833915,0.06,0.00190875076249796,-1976
47,2015,Togo,751.052405084336,0.259760750558981,0.581534646733799,0.682000884209784,0.067,0.025850039080159603,-1976
48,2000,Tunisia,2864.55075602101,0.397300345865581,0.671384780929149,0.8263911067019101,0.905,0.0296230794738605,-5937
48,2001,Tunisia,2941.74275551058,0.428168233248494,0.732353970213946,0.895522011944661,0.925,0.0198333333333337,-7235
48,2002,Tunisia,2950.20794016332,0.407848345956986,0.708679963040862,0.853421759692656,0.9420000000000001,0.0272103284850455,-8334
48,2003,Tunisia,3058.23292911168,0.394835638279828,0.689774437879525,0.82390340709916,0.956,0.0271259247474352,-12459
48,2004,Tunisia,3218.72738670507,0.42198076650746,0.721622717174968,0.869253446966283,0.966,0.0363228004956625,-23735
48,2005,Tunisia,3301.94245942789,0.44932292039836597,0.733479891643381,0.902512478803945,0.9740000000000001,0.0201778641357144,-26361
48,2006,Tunisia,3444.55582504699,0.46028516354067894,0.776718751229342,0.939409304094309,0.981,0.0322525337438916,-24098
48,2007,Tunisia,3642.12450341045,0.510782219815701,0.8804750977549161,1.0405940097664699,0.985,0.029669443247734902,-21190
48,2008,Tunisia,3760.12316696001,0.556528299429018,0.979905235014437,1.14343660218696,0.9890000000000001,0.0434502807623046,-17742
48,2009,Tunisia,3835.25509911786,0.45039811033927996,0.771842790300151,0.930168787876722,0.992,0.036649033064291896,-13512
48,2010,Tunisia,3906.91133143991,0.479597286942428,0.8362966522224271,1.00151009836799,0.9940000000000001,0.0333897963601068,-14168
48,2011,Tunisia,3784.74620448381,0.46054653771668796,0.868580865585589,1.00106379304237,0.995,0.032400284200953096,-21935
48,2012,Tunisia,3900.05126518371,0.459128477724564,0.876701987487702,1.01550723929668,0.996,0.046118443220663996,-26059
48,2013,Tunisia,3947.59276091668,0.44889705324588003,0.8488573699953981,0.989549566862038,0.997,0.0531623531326692,-17020
48,2014,Tunisia,4021.60476871861,0.42947465118132,0.827183218271209,0.9610710385587009,0.998,0.04625550995340259,-26586
48,2015,Tunisia,4014.94773686432,0.383998387567342,0.749112691559895,0.872485306596052,0.998,0.044373712732149996,-25229
49,2000,Uganda,509.19755319016,0.10651409293254,0.313082951641068,0.327490333383822,0.009000000000000001,0.033920215851299805,-52824
49,2001,Uganda,519.456547890884,0.115180826373161,0.350141023109998,0.353299767819725,0.009000000000000001,0.0186512524084773,-95956
49,2002,Uganda,547.405338919875,0.112132791661446,0.246011872757037,0.36277794156183096,0.009000000000000001,-0.0028750851176519597,-35149
49,2003,Uganda,564.720539196569,0.11386724833971201,0.288638323384794,0.365857264641268,0.008,0.08680476515668839,-96429
49,2004,Uganda,585.339489080616,0.126968807487592,0.29976745799763,0.354600862456436,0.008,0.0372128743978228,-138770
49,2005,Uganda,604.404813057618,0.141796999798574,0.310307520863219,0.389942854839061,0.008,0.08448726422995319,-151386
49,2006,Uganda,650.270540867444,0.152754133833713,0.35268834015921896,0.436332857896204,0.008,0.07310676135618639,-156232
49,2007,Uganda,684.542241787248,0.167250685273524,0.405794902609124,0.467774166522822,0.008,0.061385108328504995,-154773
49,2008,Uganda,722.565167003452,0.242801423442251,0.432813371618969,0.562582682050634,0.008,0.12050855548288601,-158790
49,2009,Uganda,749.342865535423,0.186135663082242,0.231416945048151,0.470638780748379,0.008,0.130172561889185,-164553
49,2010,Uganda,768.624091660131,0.138244828747602,0.23555265698667402,0.382692490371291,0.009000000000000001,0.0397655288478168,-168322
49,2011,Uganda,816.516366587228,0.128557239406741,0.27949471848297003,0.397552255606122,0.009000000000000001,0.16564349617451501,-173005
49,2012,Uganda,823.580468285493,0.154917287700064,0.30766226730673496,0.435021371397314,0.009000000000000001,0.126790377224659,-175936
49,2013,Uganda,828.988669729986,0.165130356713113,0.28448128136767403,0.43109154873468697,0.009000000000000001,0.049052087569455304,-176579
49,2014,Uganda,845.978664791099,0.14948210907576398,0.255608317726376,0.36014401081908504,0.009000000000000001,0.0307570668958643,-92273
49,2015,Uganda,862.934610355811,0.128773253147369,0.240681624711798,0.37689298332435794,0.009000000000000001,0.0558968606251723,-62366
50,2000,Zambia,804.48463418783,0.23923860830771201,0.494357641914411,0.603874689884965,0.138,0.26030411788812097,-4338
50,2001,Zambia,822.020935308251,0.25109699098695,0.5053192481685911,0.6466828270897901,0.14300000000000002,0.213937821792546,23582
50,2002,Zambia,833.021177549004,0.271336783308698,0.49071850004675,0.6491649699906481,0.146,0.222333446430947,3206
50,2003,Zambia,863.650190656785,0.256839640308427,0.52102567447342,0.623128446757629,0.15,0.214015783901995,20845
50,2004,Zambia,895.475258534826,0.335399822510719,0.5992499519364469,0.708130749317722,0.153,0.179677891087286,7819
50,2005,Zambia,929.079255855905,0.306107123143813,0.524252048018378,0.62200282191364,0.158,0.18324439701174,35316
50,2006,Zambia,968.563565019492,0.325929586871888,0.536495704313673,0.5785681887390269,0.16,0.0901957247226486,29517
50,2007,Zambia,1013.08567432637,0.335911932050133,0.613504003822279,0.6577145869090679,0.161,0.10657349600015299,49945
50,2008,Zambia,1053.58612301068,0.289193597052566,0.5671978214657161,0.5945488912058741,0.161,0.124455793463192,39249
50,2009,Zambia,1110.71918102486,0.292509976693348,0.531303375049066,0.561213809555165,0.161,0.133952546325895,44867
50,2010,Zambia,1183.41712409199,0.370259333072124,0.617846253392374,0.650147025206122,0.16,0.0850176133365265,22761
50,2011,Zambia,1208.46424569634,0.40471222673292095,0.689656193231028,0.7279543243842831,0.158,0.0642939681072337,13569
50,2012,Zambia,1258.78938578996,0.400829109943526,0.712463512250953,0.75367709855907,0.155,0.06575899707577,8958
50,2013,Zambia,1280.77012176778,0.40482716693869697,0.755887541217596,0.804562410213373,0.15,0.0697767605490313,15542
50,2014,Zambia,1299.01241762504,0.38822289931937803,0.7148219726673569,0.7619349972763131,0.146,0.0780687553566327,16574
50,2015,Zambia,1295.87788680068,0.371385258014734,0.6842902285405791,0.7986526875739579,0.139,0.101105928909618,16261
51,2000,Zimbabwe,1676.49245294438,0.381597545550962,0.566221779192808,0.7406741112978059,0.33899999999999997,NA,-165181
51,2001,Zimbabwe,1689.28524565736,0.349589126909086,0.431139723369304,0.6789787216889139,0.33799999999999997,NA,-139361
51,2002,Zimbabwe,1524.30189058784,0.31834798869349,0.593335009904487,0.6680735156484979,0.336,NA,-101212
51,2003,Zimbabwe,1250.28175915781,0.323970590920952,0.590125806075764,0.704519882160596,0.33,NA,-96667
51,2004,Zimbabwe,1164.95029123714,0.34469799013311103,0.704664599363159,0.760396085957308,0.324,NA,-127550
51,2005,Zimbabwe,1088.07699515855,0.335486481895585,0.7290778044485561,0.760437072796165,0.319,NA,-134212
51,2006,Zimbabwe,1037.69395049102,0.359561685274508,0.758096644140962,0.8282064877611081,0.316,NA,-57257
51,2007,Zimbabwe,986.695816261281,0.377853732974542,1.05499852511194,0.841729044270467,0.312,NA,-118299
51,2008,Zimbabwe,802.635029439794,0.41466848719981897,0.933033733217816,1.09521637189895,0.307,NA,-113858
51,2009,Zimbabwe,896.457890978913,0.194762557195667,0.826417586433317,0.617764909650234,0.305,NA,-108689
51,2010,Zimbabwe,1055.6699255673,0.296403892843062,0.708875734307236,0.831234047851259,0.304,0.0302267002518891,-108671
51,2011,Zimbabwe,1184.32960982582,0.348004819618683,0.815215019349351,0.894659437238642,0.302,0.034661297281749,-108714
51,2012,Zimbabwe,1359.45829603738,0.25162787981428997,0.632261168598709,0.741627003825153,0.302,0.0372532666110645,-177061
51,2013,Zimbabwe,1367.1204010724,0.219873565174142,0.582630435532636,0.586560737143829,0.3,0.0163495041543827,-176972
51,2014,Zimbabwe,1380.54927116793,0.20929994104226998,0.509654832124273,0.5467175924739179,0.3,-0.00197784810126641,-177029
51,2015,Zimbabwe,1386.41855927575,0.19160627339066,0.465910563403552,0.567496526604333,0.3,-0.0243096842383403,-162220
