"g","mean_iid","mean_mcmc","se_iid","se_mcmc","Z","pval"
"rho",-0.000290817489183899,0.00462770254749125,0.000383988275100435,0.0109396693405122,-0.449327374970271,0.653195512864397
"log_sigma2",0.578027032915752,0.580225495738718,0.000907507194836012,0.0142479222665003,-0.153988546869307,0.87761876614746
"yc_mean",0.000696102908984221,-0.00557147768343969,0.000876769621219973,0.00387056063172062,1.57928363996499,0.114271012663733
"log_yc_var",2.56068560494374,2.55728936085673,0.000958803357147261,0.0186383481181502,0.181977456961984,0.855600417236114
"spatial_quadratic",-6.88746493912106,30.9688742040072,6.73315989471294,37.0654528248211,-1.00489197400386,0.31494886955229
"corr_y0_wyc",0.000291726496404097,-0.00162540552114075,0.000187842568298592,0.00151950450803331,1.25215085706277,0.210514899052553
"beta_mean",0.00081887055493938,-0.00470957151826647,0.000499879235640873,0.00653790529350822,0.843137505743147,0.399151544871266
"Eta_mean",9.27792375736611e-05,-0.00133115214129136,0.000249963521616322,0.00121801188503478,1.14519499150253,0.252128392635192
"Gamma_mean",-6.93833459107112e-05,0.000162219799561127,0.000182551485321808,0.000707650123115995,-0.316909828847647,0.75131202381494
