"a0","b0","rho\_lo","rho\_hi","step\_rho","param","mean","sd","q025","q975"
3,1,-0.5,0.5,0.05,"rho",3.17521367666098e-07,1.66047356139384e-06,-2.44003079362056e-06,2.52228968321436e-06
3,1,-0.5,0.5,0.05,"sigma2",0.00547484371591399,0.00040594162225496,0.00473721841935854,0.00632621761818552
3,1,-0.5,0.5,0.05,"beta[1]",0.999999780981899,1.64172558010453e-06,0.999996732265917,1.00000300722732
5,1,-0.3,0.3,0.03,"rho",-2.79551214293699e-07,1.40547418372064e-06,-2.47895948109661e-06,3.01871892501156e-06
5,1,-0.3,0.3,0.03,"sigma2",0.00541297724671774,0.000399228019258497,0.00468548923941193,0.00624969639516614
5,1,-0.3,0.3,0.03,"beta[1]",1.00000019455577,1.5196693447126e-06,0.99999714340016,1.00000308748838
2,0.5,-0.7,0.7,0.07,"rho",-3.64300332558239e-07,1.52838195194654e-06,-1.91911832066724e-06,1.21466727367388e-06
2,0.5,-0.7,0.7,0.07,"sigma2",0.00275661248293467,0.00020518316128277,0.00238314868726631,0.00318668264429129
2,0.5,-0.7,0.7,0.07,"beta[1]",1.00000025147584,1.34633853418798e-06,0.999997866985332,1.00000284743599
